Species,sample,IndCode,shade,Date,time,LitterDepth1,LitterDepth2,LitterDepth3,Average Litter Depth,FlameHeight1,FlameHeight2,FlameHeight3,Average Flame Height,Original Mass,FinalMass(g),PercentCombustion,HeatFlux_SBG01_Max,Heatflux_flat_Max,Temp_C_15_10_Max,Temp_C_30_10_Max,Temp_C_45_10_Max,Temp_C_30_5_Max,Temp_C_30_20_Max,Temp_C_IR_Max,ROS1mmin-1,ROS2mmin-1,count15,count30,Count45,Fuel load (kg/m2),Mean ROS mmin-1,Mean ROS ms-1,Fireline intensity kWm-1,Comments
GOPO,1,,,6/1/2019,10:35,8,7.5,7,7.5,60,70,63.33333333,64.44444444,150,14.6,0.902666667,47.71,21.02,549.8,653.5,705.1,549.1,579.4,685.8,0.290322581,0.204545455,,,,1,0.247434018,0.0041239,69.32053152,
LEEL,3,,,6/1/2019,11:20,5,5,4,4.666666667,38.33333333,36.66666667,38.33333333,37.77777778,150,37.8,0.748,21.64,9.24,482.7,403.9,557.4,485.5,358.4,527,0.195652176,0.176470586,,,,1,0.186061381,0.003101023,43.19494351,
STRO,1,,,6/1/2019,12:37,1.8,1.7,1.6,1.7,0,0,0,0,150,145.9,0.027333333,0,0.236,36.66,29.98,29.15,29.15,29.15,33.3,0,0,,,,1,0,0,0,
ERSU,1,,,6/1/2019,12:59,7,7.5,8,7.5,30,26.66666667,31.66666667,29.44444444,150,28.5,0.81,28.85,10.02,363.9,518.9,360.7,536.4,350.1,575.6,0.195652174,0.136363637,,,,1,0.166007905,0.002766798,41.73388937,
PLEL,1,,,6/1/2019,13:25,5.5,5,4.5,5,23.33333333,14,10,15.77777778,150,86.2,0.425333333,8.88,4.231,528.9,471.4,503.4,508.9,206.4,501,0.101123596,0.068181818,,,,1,0.084652707,0.001410878,11.17494363,Irregular flame front. Stopped at 50 cm
CUVE,1,,yes,6/1/2019,13:54,11,9.5,9,9.833333333,66.66666667,63.33333333,63.33333333,64.44444444,150,12.8,0.914666667,62.13,26.04,481.2,497.2,442.8,498.9,454.1,720.5,0.272727271,0.359999997,,,,1,0.316363634,0.005272727,89.8099553,
OCCO,1,,,6/1/2019,14:10,5,5,5,5,48.33333333,46.66666667,45,46.66666667,150,45.7,0.695333333,37.72,17,580.6,585.4,672.2,598.2,515.1,588.6,0.225,0.243243244,,,,1,0.234121622,0.003902027,50.52538671,
CASYf,1,,,6/1/2019,14:27,9,8,8,8.333333333,46.66666667,45,51.66666667,47.77777778,150,12.8,0.914666667,55.47,12.52,462.6,446.6,523.3,507.4,433.7,587.2,0.264705884,0.200000001,,,,1,0.232352942,0.003872549,65.96082833,
CAAD,1,,,6/3/2019,8:47,3.9,4.1,3.6,3.866666667,25,21.66666667,21.66666667,22.77777778,150,13.69,0.908733333,13.32,5.842,351.4,433,368.5,483.4,235.3,533.7,0.105882353,0.097826087,90,175,267,1,0.10185422,0.00169757,28.72701874,
TACA,1,,,6/3/2019,9:18,7.7,7.1,6.4,7.066666667,68.33333333,63.33333333,61.66666667,64.44444444,150,26.89,0.820733333,46.61,21.56,519.8,410.9,578.1,467.9,409.3,650.2,0.290322581,0.36,403,434,459,1,0.32516129,0.005419355,82.82777259,
PLPO,1,,,6/3/2019,9:39,7,6.6,6.5,6.7,43.33333333,43.33333333,50,45.55555556,150,10.89,0.9274,42.17,17.66,486.6,488.2,604.9,480.2,424.2,654.6,0.236842105,0.272727273,597,635,668,1,0.254784689,0.004246411,73.33570806,
DIBU,2,,,6/3/2019,10:02,10.2,11.2,10.1,10.5,61.66666667,48.33333333,56.66666667,55.55555556,150,6.19,0.958733333,37.73,22.58,584.5,586.9,750.9,655.1,514.2,731.3,0.209302326,0.36,770,813,838,1,0.284651163,0.004744186,84.70047803,
MAAC,2,,,6/3/2019,10:28,5.3,5.8,5.2,5.433333333,45,40,46.66666667,43.88888889,150,36.49,0.756733333,35.51,13.34,573.7,497.1,604.1,551.4,423.4,571.3,0.195652174,0.225,952,998,1038,1,0.210326087,0.003505435,49.39819482,
LEEL,2,,,6/3/2019,10:46,4.7,5.3,4.6,4.866666667,30,31.66666667,35,32.22222222,150,38.99,0.740066667,22.19,11.13,438.2,375.4,628.5,510.2,333.2,573.3,0.166666667,0.136363636,1180,1234,1300,1,0.151515152,0.002525253,34.80182189,
ZEMO,1,,,6/5/2019,8:47,8.3,8.8,8.9,8.666666667,67.5,65,60,64.16666667,150,5.2,0.965333333,51.06,25.88,589.1,491.7,634,558.7,489.3,698.5,0.257142857,0.409090909,295,330,352,1,0.333116883,0.005551948,99.80424623,small portion of ash lost to wind
CABR,1,,,6/5/2019,9:11,9.4,10.1,9,9.5,40,50,52.5,47.5,150,2.8,0.981333333,46.62,28.38,564.7,571.1,630.4,672.3,556.8,758.5,0.225,0.310344828,486,526,555,1,0.267672414,0.004461207,81.52583172,
GOBA,1,,,6/5/2019,9:42,9.1,10,10.8,9.966666667,72.5,62.5,70,68.33333333,150,6.8,0.954666667,77.68,31.17,454.2,518.9,491,614,580.4,714.1,0.321428571,0.409090909,653,681,703,1,0.36525974,0.006087662,108.2252597,
MAAC,3,,,6/5/2019,10:02,6.2,5.5,4.9,5.533333333,37.5,32.5,40,36.66666667,150,35.5,0.763333333,27.74,11.09,483,366.5,584.5,458.3,279.9,571.7,0.2,0.1875,824,869,917,1,0.19375,0.003229167,45.90193681,
MAEL,1,,,6/5/2019,10:40,4.1,4.8,4.3,4.4,27.5,27.5,32.5,29.16666667,150,22.6,0.849333333,28.85,11.51,457.5,531.1,409.5,484.8,369.1,570.9,0.14516129,0.111111111,1067,1129,1210,1,0.128136201,0.002135603,33.77731187,
TEGL,1,,,6/5/2019,11:08,9.9,9,8.9,9.266666667,37.5,35,37.5,36.66666667,150,7.4,0.950666667,35.51,19.59,494.2,488.6,483.9,632.5,420.5,659.9,0.204545455,0.169811321,1331,1375,1428,1,0.187178388,0.00311964,55.22796492,substituted 5.3g cuve
KICO,1,,,6/5/2019,11:33,8.2,7.2,6.5,7.3,45,45,50,46.66666667,150,6.3,0.958,39.95,19.2,553.2,533.3,657.4,540.5,540.5,681.6,0.204545455,0.25,1520,1564,1600,1,0.227272727,0.003787879,67.57528788,
DIBU,3,,,6/5/2019,11:51,10.1,9.5,11.2,10.26666667,65,50,52.5,55.83333333,150,6.7,0.955333333,46.61,23.51,520.3,498.8,629,666,443.6,747.3,0.225,0.346153846,1700,1740,1766,1,0.285576923,0.004759615,84.67459212,
CAAD,2,,,6/7/2019,8:53,5.7,5.6,4.6,5.3,30,27.5,32.5,30,150,14.4,0.904,17.76,7.532,539.6,416.5,499.8,482.2,338.9,546.2,0.118032787,0.138996139,340,645,904,1,0.128514463,0.002141908,36.05749136,
MYFA,1,,,6/7/2019,9:21,2.2,2.3,2.3,2.266666667,0,0,0,0,150,148.9,0.007333333,0,0.138,23.82,19.61,17.92,17.92,19.61,22.96,0,0,,,,1,0,0,0,
PIRO,1,,,6/7/2019,9:35,13.3,12.6,13,12.96666667,62.5,62.5,62.5,62.5,150,18.6,0.876,79.91,32.55,700.6,741.4,689.4,706.4,649,759.5,0.260869565,0.4,175,313,403,1,0.330434783,0.005507246,89.83900522,
KICO,2,,,6/7/2019,9:52,10.4,8.7,8.6,9.233333333,52.5,52.5,52.5,52.5,150,4.6,0.969333333,29.96,19.59,607.4,451.7,605.1,490.9,472.5,685.5,0.160714286,0.243243243,171,395,543,1,0.201978764,0.003366313,60.76505994,
AEVE,3,,,6/7/2019,10:12,9.4,8.9,10.1,9.466666667,62.5,55,67.5,61.66666667,150,6.8,0.954666667,42.17,27.97,513.5,432.8,622.2,615,415.9,681.8,0.279069767,0.553846154,211,340,405,1,0.416457961,0.006940966,123.3951241,
DUFU,1,,,6/7/2019,10:27,4.5,5.2,4.1,4.6,32.5,30,30,30.83333333,150,21.2,0.858666667,22.19,11.07,551.1,519.3,541.7,495.3,416.8,584.7,0.109090909,0.122866894,386,716,1009,1,0.115978902,0.001932982,30.90855255,
ROMO,1,,,6/7/2019,10:45,10.5,9.8,10.2,10.16666667,30,35,42.5,35.83333333,150,6.6,0.956,42.17,27.6,556.8,531.3,643.3,722.6,526.5,758.6,0.214285714,0.223602484,260,428,589,1,0.218944099,0.003649068,64.9630205,
OCCO,2,,,6/7/2019,11:08,5.1,6.6,5.3,5.666666667,47.5,50,50,49.16666667,150,25.3,0.831333333,44.39,22.35,525.8,559.3,669.2,546.6,583.3,652.3,0.238410596,0.295081967,222,373,495,1,0.266746282,0.004445771,68.82538358,
VOTU,1,,,6/7/2019,11:29,5.9,6.7,7.2,6.6,25,27.5,30,27.5,150,30.5,0.796666667,26.63,8.11,403.2,404.9,486.7,454.7,357.2,549,0.106508876,0.108108108,307,645,978,1,0.107308492,0.001788475,26.53296656,
STRO,2,,,6/7/2019,11:48,2.7,3.4,2.9,3,0,0,0,0,150,146.2,0.025333333,0,0.098,36.01,25.17,25.14,25.17,25.17,29.33,0,0,,,,1,0,0,0,
TAGU,1,,,6/7/2019,12:03,5.9,6,5.7,5.866666667,25,27.5,25,25.83333333,150,13.9,0.907333333,17.75,10.55,466.8,449.2,493.3,441.2,270.6,679.8,0.134328358,0.132841328,290,558,829,1,0.133584843,0.002226414,37.61829635,
SIGU,1,,,6/7/2019,12:24,12.8,12.6,13.5,12.96666667,80,82.5,77.5,80,150,7.9,0.947333333,48.82,29.31,513.8,542.6,561,690.2,571.3,673.2,0.43373494,0.43902439,84,167,249,1,0.436379665,0.007272994,128.3046497,
ZETU,1,,yes,6/10/2019,8:46,18.9,21.5,19.6,20,105,105,105,105,150,10.6,0.929333333,58.83,33.79,642.7,715.5,713.9,661.3,532.4,766.3,1.2,1.24137931,90,120,149,1,1.220689655,0.020344828,352.0885085,large leaf volume lead to unatural packing/dring
MABR,1,,,6/10/2019,9:09,4.3,4.2,3.6,4.033333333,20,20,17.5,19.16666667,150,70,0.533333333,13.32,5.054,347.2,283.4,345.6,464.8,275.1,513.6,0.155172414,0.161434978,333,565,788,1,0.158303696,0.002638395,26.20383485,
ASTO,3,,,6/10/2019,9:26,8,8.6,7.7,8.1,65,57.5,65,62.5,150,9.9,0.934,48.83,21.28,597.4,542.3,601.5,517.6,440,673,0.230769231,0.270676692,139,295,428,1,0.250722961,0.004178716,72.68019046,
TAAU,1,,,6/10/2019,9:46,9,9,8.5,8.833333333,52.5,47.5,55,51.66666667,150,8.2,0.945333333,41.06,27.54,549.7,578.6,605.8,586.5,496.3,675.7,0.21686747,0.36,170,336,436,1,0.288433735,0.004807229,84.62644501,
MILI,1,,,6/10/2019,10:01,3.7,3.8,3.3,3.6,0,0,0,0,150,149.7,0.002,0,0.059,25.41,21.21,21.21,21.21,22.89,28.74,0,0,,,,1,0,0,0,power off does not = smoldering
ERTO,1,,,6/10/2019,10:18,10.7,10.3,13.1,11.36666667,62.5,67.5,65,65,150,5.4,0.964,66.58,28.01,508.6,564.6,681.8,637.5,544.6,744.4,0.295081967,0.45,159,281,361,1,0.372540984,0.006209016,111.4618284,
MYTO,1,,,6/10/2019,10:33,5.3,5,5,5.1,18.5,17.5,21.5,19.16666667,150,18.7,0.875333333,19.97,11.04,349.6,367.6,470.5,356.2,317.1,592.7,0.104956268,0.248275862,357,700,845,1,0.176616065,0.002943601,47.9820439,
PLPO,2,,,6/10/2019,10:52,6.6,6.8,6.4,6.6,45,42.5,47.5,45,150,15.4,0.897333333,38.84,18.67,512,561.5,575.2,514.4,489.7,678.7,0.205714286,0.244897959,171,346,493,1,0.225306122,0.003755102,62.74828582,
TACA,2,,,6/10/2019,11:14,7.2,7.6,7.1,7.3,60,55,67.5,60.83333333,150,23.4,0.844,62.14,25.04,560.8,536.1,505.8,488.2,519.3,656.2,0.279069767,0.352941176,147,276,378,1,0.316005472,0.005266758,82.77746484,
AEVE,1,,,6/10/2019,11:34,10.4,10.2,10.6,10.4,65,57.5,67.5,63.33333333,150,8.9,0.940666667,62.14,26.44,493.7,573.5,621.6,604,536.8,695.7,0.382978723,0.346153846,177,271,375,1,0.364566285,0.006076105,106.435702,11.7 grams of aeve 3 added
TOFO,1,,,6/10/2019,11:49,11.3,11.4,13.2,11.96666667,57.5,52.5,65,58.33333333,150,9,0.94,59.91,25.48,491.1,488.7,540.6,577.3,558.2,729.7,0.223602484,0.43373494,138,299,382,1,0.328668712,0.005477812,95.88734386,
TAOC,1,,,6/10/2019,12:07,6.5,6.5,7.9,6.966666667,55,42.5,45,47.5,150,6.8,0.954666667,53.25,23.57,615.5,522,584.3,546,422.8,629.1,0.196721311,0.213017751,162,345,514,1,0.204869531,0.003414492,60.70216838,
PIRO,3,,,6/10/2019,12:22,12.2,10.5,12.3,11.66666667,65,65,67.5,65.83333333,150,18.7,0.875333333,64.35,27.94,487.4,743.1,568.9,665.9,584,726.7,0.313043478,0.295081967,156,271,393,1,0.304062723,0.005067712,82.60602398,
QUGR,1,,,6/12/2019,8:23,7.1,6.9,8,7.333333333,0,0,0,0,150,149.9,0.000666667,0,0.138,21.2,16.16,16.16,16.16,16.16,19.54,0,0,,,,1,0,0,0,
NECU,1,,,6/12/2019,8:36,11,10.5,10.1,10.53333333,55,47.5,55,52.5,150,14.5,0.903333333,68.82,26.18,527,600.4,558.1,622.9,549.3,704.4,0.378947368,0.310344828,122,217,333,1,0.344646098,0.005744102,96.62655009,
AESE,1,,,6/12/2019,8:53,17.9,16.6,15.9,16.8,62.5,92.5,97.5,84.16666667,150,10.6,0.929333333,46.61,32.06,563,662.4,711,674.5,548.7,756.8,0.333333333,0.467532468,137,245,322,1,0.4004329,0.006673882,115.4984988,
POTO,1,,,6/12/2019,9:11,14.8,13.6,16.3,14.9,67.5,72.5,70,70,150,8.8,0.941333333,39.95,31.23,702.2,580.7,772.6,746.2,512.9,733.9,0.283464567,0.590163934,146,273,334,1,0.436814251,0.007280238,127.6189914,
QUMU,1,,,6/12/2019,9:26,7.1,9,8.4,8.166666667,0,0,0,0,150,149.3,0.004666667,0,0.098,25.34,22.82,21.16,22.82,22.84,27.02,0,0,,,,1,0,0,0,
MYGU,1,,,6/12/2019,9:38,5.5,6.2,5.4,5.7,30,25,30,28.33333333,150,13.5,0.91,19.97,10.07,519.7,248.3,509.5,332.4,234.9,593.2,0.100840336,0.188481675,430,787,978,1,0.144661006,0.002411017,40.85713828,
PIAX,1,,,6/12/2019,10:04,14.9,15.3,15.8,15.33333333,85,82.5,87.5,85,150,12.3,0.918,73.24,28.86,633.6,717.6,714.4,747.1,593.5,752,0.48,0.4,155,230,320,1,0.44,0.007333333,125.363304,15 g poto placed at beginning
SIGU,2,,,6/12/2019,10:16,11,11.6,11.2,11.26666667,55,60,67.5,60.83333333,150,7.5,0.95,46.61,28.94,530.3,397.5,640.8,604,418.4,668.2,0.21686747,0.6,121,287,347,1,0.408433735,0.006807229,120.426006,
GUNI,1,,,6/12/2019,10:34,11.5,11.2,11.3,11.33333333,47.5,52.5,60,53.33333333,150,14.6,0.902666667,52.15,22.76,416.9,446.6,489.9,558.6,496.2,601.7,0.330275229,0.219512195,152,261,425,1,0.274893712,0.004581562,77.01357489,
TAAU,2,,,6/12/2019,10:55,8,7.8,8.3,8.033333333,47.5,45,47.5,46.66666667,150,9.9,0.934,44.38,22.53,545,631.5,569.1,647.5,511.6,745.7,0.230769231,0.257142857,156,312,452,1,0.243956044,0.004065934,70.71857978,
ASTO,1,,,6/12/2019,11:35,10.1,9,9.6,9.566666667,80,70,72.5,74.16666667,150,9.2,0.938666667,75.45,31.99,527.3,620,691,602.4,631.3,718.6,0.276923077,0.493150685,125,255,328,1,0.385036881,0.006417281,112.1731197,
TAOC,2,,,6/12/2019,11:56,7.5,6.4,6.7,6.866666667,45,40,45,43.33333333,150,8.9,0.940666667,39.94,23.69,544.3,525.2,602,561.9,422.8,608.4,0.182741117,0.236842105,250,447,599,1,0.209791611,0.003496527,61.24899184,
GOPO,2,,,6/12/2019,12:14,5.2,6,5.2,5.466666667,47.5,50,50,49.16666667,150,7.8,0.948,33.28,18.93,524.3,478,586.7,530.7,372.7,647.6,0.173913043,0.215568862,260,467,634,1,0.194740953,0.003245683,57.29816319,
SCVI,1,,,6/12/2019,12:34,6.3,7.4,6,6.566666667,57.5,52.5,50,53.33333333,150,8.7,0.942,51.04,23.3,507.5,640.2,550.6,537.8,608.2,669.2,0.262773723,0.336448598,206,343,450,1,0.29961116,0.004993519,87.59593675,
SYPU,1,,,6/14/2019,8:11,5.5,5.8,5.1,5.466666667,17.5,17.5,15,16.66666667,150,39.9,0.734,11.1,5.488,505.9,403.4,472.5,506,155.7,503.6,NA,NA,NA,NA,NA,1,NA,0.001132075,15.47382148,Data calculated from Table 2 [sf 6/17]
AESE,2,,,6/14/2019,8:33,13,14.4,13.6,13.66666667,100,102.5,102.5,101.6666667,150,8.9,0.940666667,71.02,29.37,600.9,641,645.9,712.1,565.7,767.8,NA,NA,NA,NA,NA,1,NA,0.008571429,150.1465332,Data calculated from Table 2 [sf 6/17]
ERTO,2,,,6/14/2019,8:46,8.1,8.2,8.7,8.333333333,45,47.5,50,47.5,150,7,0.953333333,37.73,21.85,536,554.4,537.7,676.4,529.7,696.6,NA,NA,NA,NA,NA,1,NA,0.003,53.25892,Data calculated from Table 2 [sf 6/17]
MYLI,1,,,6/14/2019,9:03,8.5,7.2,7.4,7.7,0,0,0,0,150,149.2,0.005333333,0,0.177,30.99,25.15,26.81,29.35,25.15,30.99,NA,NA,NA,NA,NA,1,NA,0,0,Data calculated from Table 2 [sf 6/17]
DIBU,1,,,6/14/2019,9:19,11.5,12.5,12.2,12.06666667,70,52.5,60,60.83333333,150,6.5,0.956666667,66.58,27.29,530.8,650.8,620.3,670.2,583.5,749.1,NA,NA,NA,NA,NA,1,NA,0.004615385,82.22329916,Data calculated from Table 2 [sf 6/17]
QUMU,2,,,6/14/2019,9:33,6.2,6.5,6.2,6.3,27.5,25,27.5,26.66666667,150,28.5,0.81,11.1,7.063,362.9,250.5,380.8,466,193.9,576.9,NA,NA,NA,NA,NA,1,NA,0.002222222,33.51959665,Data calculated from Table 2 [sf 6/17]
MABR,2,,,6/14/2019,9:49,3.9,3.7,3.2,3.6,9,15,13.5,12.5,150,85.7,0.428666667,2.219,4.191,75.68,120.3,516.2,270.4,92.2,368.5,NA,NA,NA,NA,NA,1,NA,0.001666667,13.30438711,Data calculated from Table 2 [sf 6/17]    spread foraward on left then evened pot around 40 cm and spread backwards
CABR,2,,,6/14/2019,10:07,7.5,6.2,6.7,6.8,40,40,35,38.33333333,150,17.1,0.886,26.63,18.73,500.7,505.5,643.9,475.1,439.9,619,NA,NA,NA,NA,NA,1,NA,0.00375,61.871595,Data calculated from Table 2 [sf 6/17]
DUFU,2,,,6/14/2019,10:31,5.1,5.5,5.4,5.333333333,30,37.5,37.5,37.5,150,22.6,0.849333333,28.85,17.22,634,459.8,641.3,560.4,406.8,656.6,NA,NA,NA,NA,NA,1,NA,0.002608696,41.25988028,Data calculated from Table 2 [sf 6/17]
NECU,2,,,6/14/2019,10:43,10.1,12.5,11,11.2,62.5,70,62.5,65,150,16,0.893333333,59.91,29.99,502,535.5,585.9,572.4,553.9,642.7,NA,NA,NA,NA,NA,1,NA,0.006,99.81392,Data calculated from Table 2 [sf 6/17]
AMIN,1,,,6/14/2019,10:57,8.8,9.3,10.2,9.433333333,62.5,52.5,55,56.66666667,150,5.6,0.962666667,53.26,24.44,503.4,483.5,547.4,698.4,563.4,712.2,NA,NA,NA,NA,NA,1,NA,0.00375,67.22542,Data calculated from Table 2 [sf 6/17]
MIAL,1,,,6/14/2019,11:18,5.6,4.4,4,4.666666667,15.5,16.5,21.5,17.83333333,1500,41.7,0.9722,11.1,5.45,363.6,368.6,598.6,508.3,196.4,560.2,NA,NA,NA,NA,NA,1,NA,0.001818182,32.91692766,Data calculated from Table 2 [sf 6/17] started a few seconds after ignition
CASYf,2,,,6/17/2019,8:21,6,6.4,6.6,6.333333333,30,27.5,37.5,31.66666667,150,17.6,0.882666667,26.64,9.85,535.1,545.6,388.7,516.1,415.2,564.7,0.132,0.112,258,530,852,1,0.122,0.002033333,33.42193796,
GOBA,2,,,6/17/2019,8:41,10.5,10.8,11,10.76666667,75,77.5,85,79.16666667,150,5.5,0.963333333,62.16,28.2,550.4,548.9,630.5,608,636.9,732.4,0.34,0.319,138,244,357,1,0.3295,0.005491667,98.51607006,
TEGL,2,,,6/17/2019,8:54,5.8,6.3,5.7,5.933333333,27.5,32.5,31.5,30.5,150,9.5,0.936666667,26.64,9.15,474.7,452.3,489.2,469.9,433.9,662.7,0.195,0.12,391,576,875,1,0.1575,0.002625,45.7868425,
PLEL,2,,,6/17/2019,9:18,3.4,3.3,3.8,3.5,10,9,13.5,10.83333333,150,81.3,0.458,6.658,2.399,176.3,211.3,343.9,261.7,100.9,513.4,0,0.087,0,714,1130,1,0.0435,0.000725,6.1834351,irregular flamefront
VOTU,2,,,6/17/2019,9:35,6.2,6.3,5.8,6.1,27.5,30,30,29.16666667,150,35.8,0.761333333,15.54,11.72,313.5,511.8,503.1,453.4,406.1,591.6,0.122,0.109,364,660,989,1,0.1155,0.001925,27.29178247,
PEOB,1,,,6/17/2019,9:49,4.7,4.8,4.9,4.8,45,42.5,55,47.5,150,18.5,0.876666667,26.63,17.11,446.9,494.9,455.8,430.9,393.9,614,0.218,0.162,281,446,668,1,0.19,0.003166667,51.69674111,
SIGU,3,,,6/17/2019,10:14,14.7,16.8,17,16.16666667,80,77.5,82.5,80,150,7.7,0.948666667,66.58,30.74,693.2,672.2,628.8,735.6,483.3,709.5,0.383,0.581,140,234,296,1,0.482,0.008033333,141.9174344,
ERDE,1,,,6/17/2019,10:30,3.1,4,3.6,3.566666667,11,25,15,17,150,25.5,0.83,17.75,6.177,428.3,525.1,396.3,487.6,339.5,565,0.082,0.075,1008,1445,1927,1,0.0785,0.001308333,20.22194017,
MIAL,2,,,6/17/2019,10:52,6,5.2,5.7,5.633333333,35,22.5,27.5,28.33333333,150,18.2,0.878666667,23.3,7.122,561.8,390.5,486.9,403.4,249.8,593.8,0.114,0.123,394,710,1002,1,0.1185,0.001975,32.31599807,
TAOC,3,,,6/17/2019,11:11,5,5.3,4.8,5.033333333,47.5,22.5,27.5,32.5,150,8.3,0.944666667,38.84,18.71,561.8,529.1,577,557.8,578.6,647.5,0.163,0.176,262,483,688,1,0.1695,0.002825,49.69622103,
GOPO,3,,,6/17/2019,11:27,7.4,7.6,7.4,7.466666667,67.5,55,65,62.5,150,7.3,0.951333333,52.15,21.19,464.3,659.6,524.3,597.8,609.7,639.5,0.313,0.158,144,259,487,1,0.2355,0.003925,69.53423763,
TACA,3,,,6/17/2019,11:48,6.5,6.5,6.4,6.466666667,47.5,60,62.5,56.66666667,150,28.1,0.812666667,39.94,19.5,593,572.2,607.5,473.2,436.4,639.5,0.238,0.273,180,331,463,1,0.2555,0.004258333,64.44339666,
STRO,3,,,6/17/2019,12:03,3.5,3.8,3.1,3.466666667,0,0,0,0,150,147.3,0.018,0,0.177,38.57,31.07,27.75,29.43,29.43,51,0,0,0,0,0,1,0,0,0,
MYTO,2,,,6/19/2019,8:40,5.5,6,5.9,5.8,27.5,30,32.5,30,150,14.7,0.902,15.54,11.37,442.9,444.5,321.7,436.5,390.7,620.3,0.138,0.189,294,554,744,1,0.1635,0.002725,45.7719449,
POTO,2,,,6/19/2019,8:56,12.7,12.3,12.3,12.43333333,67.5,57.5,65,63.33333333,150,16.1,0.892666667,26.63,18.05,613,684.7,531.6,707.4,283,635.5,0.391,0.22,158,250,414,1,0.3055,0.005091667,84.63999021,
AMIN,2,,,6/19/2019,9:09,11,11.3,11.7,11.33333333,65,60,72.5,65.83333333,150,4.6,0.969333333,65.47,25.63,450.7,441.1,604.2,722,529.1,748.1,0.462,0.279,147,225,354,1,0.3705,0.006175,111.4644639,
MILI,3,,,6/19/2019,9:22,2.5,2.4,3.3,2.733333333,0,0,0,0,150,149.3,0.004666667,0,0.059,27.04,24.52,22.84,22.84,24.52,37.07,0,0,0,0,0,1,0,0,0,
MIAL,3,,,6/19/2019,9:30,4.8,4.9,5.1,4.933333333,27.5,25,27.5,26.66666667,150,30,0.8,13.32,8.67,414.8,370.4,435.7,408.4,286.4,525.3,0.132,0.149,377,649,890,1,0.1405,0.002341667,34.88521333,
TAGU,2,,,6/19/2019,9:48,5,4.9,5.1,5,0,0,0,0,150,149.7,0.002,0,0.157,28.04,23.85,22.16,23.85,23.85,28.04,0,0,0,0,0,1,0,0,0,
PIAX,2,,,6/19/2019,10:02,19.4,21.7,21.6,20.9,105,110,105,106.6666667,150,12.03,0.9198,79.9,30.21,696.3,779.7,790.5,702.8,615.7,767.4,1.029,0.514,121,156,226,1,0.7715,0.012858333,220.2441631,
PEOB,2,,,6/19/2019,10:13,6.7,7.8,5.7,6.733333333,37.5,32.5,42.5,37.5,150,22.8,0.848,25.52,10.31,503.7,454.9,614.8,480.5,311,570.7,0.143,0.243,260,511,659,1,0.193,0.003216667,50.79585013,
TOFO,2,,,6/19/2019,10:34,9.4,9.3,10.8,9.833333333,57.5,57.5,62.5,59.16666667,150,10.2,0.932,44.39,31.44,519.5,498.8,615.5,578.7,567.5,743.3,0.245,0.424,192,339,424,1,0.3345,0.005575,96.7580498,
PRHE,1,,yes,6/19/2019,10:51,12,10.8,10,10.93333333,62.5,62.5,70,65,150,9.5,0.936666667,59.92,25.42,477.2,494,552.3,637.2,545.9,624.3,0.346,0.336,129,233,340,1,0.341,0.005683333,99.13214789,
ERDE,2,,,6/19/2019,11:07,3.4,4.2,3.7,3.766666667,17.5,10,8,11.83333333,150,50.2,0.665333333,6.657,2.085,366.9,250.6,155.7,245.6,112.1,444.3,0.04,0,485,1392,0,1,0.02,0.000333333,4.129945778,
MYFA,2,,,6/19/2019,11:25,2.2,2.6,2.6,2.466666667,0,0,0,0,150,145.8,0.028,0,0.177,33.63,29.45,27.74,29.42,28.56,58.41,0,0,0,0,0,1,0,0,0,
CASYf,3,,,6/19/2019,11:33,6.5,6.2,6.4,6.366666667,45,40,57.5,47.5,150,22.6,0.849333333,37.72,13.99,606.7,520.4,611.5,382.4,453.2,564.3,0.207,0.206,216,390,565,1,0.2065,0.003441667,54.43438202,
DUFU,3,,,6/19/2019,11:48,5,4.9,5.5,5.133333333,30,27.5,32.5,30,150,22.9,0.847333333,23.3,12.93,581.6,532.1,417.7,528.9,373.3,642.5,0.152,0.119,305,542,845,1,0.1355,0.002258333,35.63433501,
ERSU,2,,,6/21/2019,8:32,7.3,8,7,7.433333333,27.5,32.5,30,30,150,26.7,0.822,22.19,16.32,480.7,435.9,595.8,575,347.1,586.1,0.149,0.148,289,531,774,1,0.1485,0.002475,37.8855279,
PEOB,3,,,6/21/2019,8:49,3.8,4,4.1,3.966666667,30,20,20,23.33333333,150,38.2,0.745333333,11.1,5.35,443,373.8,537.5,470.3,184.9,523.8,0.079,0.082,548,1005,1445,1,0.0805,0.001341667,18.62179309,
PRHE,2,,yes,6/21/2019,9:13,7.6,8,9.3,8.3,50,42.5,50,47.5,150,17.5,0.883333333,45.5,20.81,402.1,551.8,559,472.8,461.6,631,0.316,0.237,214,328,480,1,0.2765,0.004608333,75.80447194,
JACA,1,,,6/21/2019,9:27,5,5.2,6.9,5.7,32.5,32.5,37.5,34.16666667,150,66.7,0.555333333,26.63,12.57,457.5,490.3,521.4,550.1,376.2,582.1,0.225,0.218,197,357,522,1,0.2215,0.003691667,38.17706566,
CASYs,1,,,6/21/2019,9:47,5,4.3,5.1,4.8,20,25,35,26.66666667,150,40.2,0.732,17.75,6.255,520.3,453.1,539.5,462.7,338.6,478.8,0.126,0.116,314,599,910,1,0.121,0.002016667,27.4897964,
MYFA,3,,,6/21/2019,10:07,3.2,3.1,2.6,2.966666667,0,0,0,0,150,139,0.073333333,0,0.197,44.25,25.92,23.39,25.08,25.92,29.24,0,0,0,0,0,1,0,0,0,
PLEL,3,,,6/21/2019,10:18,3,2.8,3.2,3,0,0,0,0,150,141.8,0.054666667,0,0.177,42.75,25.26,23.58,26.91,25.26,36.1,0,0,0,0,0,1,0,0,0,
MABR,3,,,6/21/2019,10:32,3.7,3.6,3.8,3.7,25,27.5,35,29.16666667,150,50.7,0.662,11.1,10.56,453.9,341,575.4,474.8,240.5,514.7,0.162,0.153,295,517,752,1,0.1575,0.002625,32.3603805,
HEAP,1,,yes,6/21/2019,10:50,5.6,5,5.2,5.266666667,27.5,22.5,22.5,24.16666667,150,53.7,0.642,15.54,4.072,464.9,314.7,431.3,393.4,204.7,524.8,0.121,0.145,200,497,746,1,0.133,0.002216667,26.5009682,
QUGR,2,,,6/21/2019,11:07,11.7,11.9,13.2,12.26666667,35,42.5,45,40.83333333,150,14.3,0.904666667,54.37,26.7,646.9,575.6,544.5,598.8,576.4,742.7,0.237,0.321,215,367,479,1,0.279,0.00465,78.3371674,
TOFO,3,,,6/21/2019,11:21,10.4,10,9.8,10.06666667,62.5,57.5,70,63.33333333,150,11.8,0.921333333,64.36,28.41,482.8,522.7,622.7,610.6,620.2,683,0.45,0.2,0,0,0,1,0.325,0.005416667,92.93412556,DID NOT SAVE
ERDE,3,,yes,6/21/2019,11:37,3.8,4,3.7,3.833333333,13.5,15,10,12.83333333,150,51.1,0.659333333,13.31,3.05,425.8,306.7,410.7,389.6,145.4,592.9,0.1,0.061,412,772,1362,1,0.0805,0.001341667,16.47312466,"10 CM UNBURNED, 92.6g ERDE3, 30.6g ERDE1, 26.8g ERDE2"
POTO,3,,,6/21/2019,11:56,14.2,15.2,14.8,14.73333333,72.5,80,57.5,70,150,14.6,0.902666667,73.23,23.98,624.7,541.6,682.8,708.7,587.9,702.2,0.391,0.36,152,244,344,1,0.3755,0.006258333,105.1991955,
JACA,2,,,6/24/2019,8:29,5.8,5.9,5.7,5.8,32.5,32.5,30,31.66666667,150,74.8,0.501333333,18.87,12.96,439.9,411,585.4,464,343.1,513.5,0.165,0.259,158,376,515,1,0.212,0.003533333,32.98659698,
ERSU,3,,,6/24/2019,8:43,6.5,6.4,6.5,6.466666667,27.5,25,32.5,28.33333333,150,23.9,0.840666667,23.31,10.23,351.9,560.6,469.6,511.1,363.4,603.7,0.14,0.12,290,547,846,1,0.13,0.002166667,33.91893844,
TAGU,3,,,6/24/2019,9:00,5.2,5.1,5.3,5.2,20,27.5,25,24.16666667,150,18.1,0.879333333,19.98,8.38,444.9,515.3,467.5,568.8,346.5,570.4,0.131,0.097,444,718,1090,1,0.114,0.0019,31.11239613,
MAGU,1,,,6/24/2019,9:18,7.4,7.4,6.8,7.2,25,20,27.5,24.16666667,150,51.9,0.654,26.63,6.018,573.8,436.4,465.3,483.7,149.8,518,0.247,0.125,257,403,691,1,0.186,0.0031,37.7542428,
CRFL,1,,,6/24/2019,9:36,11.4,13.9,12.3,12.53333333,67.5,67.5,72.5,69.16666667,150,11.9,0.920666667,66.58,30.01,567.6,552.4,731.2,603.6,602,739.3,0.277,0.33,110,240,349,1,0.3035,0.005058333,86.72337819,
COLA,1,,,6/24/2019,9:52,3.6,3.5,3.6,3.566666667,22.5,17.5,22.5,20.83333333,150,63.2,0.578666667,8.88,4.347,462.3,264.3,451.2,420.7,176.5,500.7,0.093,0.146,325,713,959,1,0.1195,0.001991667,21.46206191,
MAEL,2,,,6/24/2019,10:15,5,4.8,4.4,4.733333333,52.5,47.5,55,51.66666667,150,18.3,0.878,26.63,14.99,430.5,280.2,522.5,371.7,350.6,579.2,0.199,0.235,224,405,558,1,0.217,0.003616667,59.13291953,
MISE,1,,yes,6/24/2019,10:32,7.8,8.2,7,7.666666667,0,0,0,0,150,133.8,0.108,0,0.098,30.43,26.21,24.56,26.24,24.56,30.4,0,0,0,0,0,1,0,0,0,1:34:18 IS LAST TIME
MYUM,1,,,6/24/2019,10:47,4,3.8,3.6,3.8,25,20,11,18.66666667,150,29.6,0.802666667,13.32,5.174,458.5,447.4,323.1,482.6,259.6,512.1,0.091,0.069,402,797,1322,1,0.08,0.001333333,19.92967822,
MYLI,2,,,6/24/2019,11:07,9.1,9,7.4,8.5,42.5,35,35,37.5,150,28.9,0.807333333,35.51,13.87,514,500.5,501.4,566.8,459.8,634,0.183,0.184,303,500,696,1,0.1835,0.003058333,45.97947674,
VOTU,3,,,6/24/2019,11:21,6.3,6.2,6.7,6.4,25,17.5,20,20.83333333,150,40.1,0.732666667,11.1,5.076,308.6,500.6,487.1,436.6,356,540.5,0.126,0.103,612,898,1246,1,0.1145,0.001908333,26.03676312,
AMIN,3,,,6/24/2019,11:36,12.3,11.8,12.4,12.16666667,72.5,67.5,67.5,69.16666667,150,4.7,0.968666667,59.91,28.55,419.6,508.4,587.5,699.4,491.7,762.3,0.486,0.324,175,249,360,1,0.405,0.00675,121.759947,
OCCO,3,,,6/24/2019,11:49,4.8,4.2,4.2,4.4,27.5,27.5,30,28.33333333,150,60.7,0.595333333,17.75,6.867,418.8,280.6,364,439.7,212,514.1,0.154,0.174,337,571,778,1,0.164,0.002733333,30.30254604,
ROMO,2,,,6/26/2019,8:38,12,11.5,12.1,11.86666667,52.5,40,55,49.16666667,150,4.6,0.969333333,51.06,22.64,580.7,549.6,783.3,690.1,540.8,745.5,0.225,0.242,183,343,492,1,0.2335,0.003891667,70.24818442,
QUGR,3,,,6/26/2019,8:51,8.5,8.1,8.4,8.333333333,32.5,30,37.5,33.33333333,150,18.8,0.874666667,25.53,20.65,509.3,511.7,515,610.8,510.2,641.3,0.178,0.211,237,439,610,1,0.1945,0.003241667,52.80040498,
JACA,3,,,6/26/2019,9:11,4.2,5.1,4.5,4.6,27.5,30,32.5,30,150,60.8,0.594666667,17.75,9.78,313.3,423.5,328.1,444.4,403.4,557.8,0.206,0.164,227,402,621,1,0.185,0.003083333,34.14447156,
ALED,1,,,6/26/2019,9:26,7.6,7.9,7.2,7.566666667,55,60,55,56.66666667,150,9.7,0.935333333,46.61,20.32,492.5,387.5,539,582.8,426.1,674.3,0.396,0.178,157,248,450,1,0.287,0.004783333,83.31503491,
MAEL,3,,,6/26/2019,9:50,4.4,3.9,4.5,4.266666667,30,30,32.5,30.83333333,150,41.1,0.726,26.63,8.42,443.6,350.1,435.7,374.4,246.5,547.5,0.166,0.135,300,517,783,1,0.1505,0.002508333,33.9115931,
MAGU,2,,,6/26/2019,10:05,7,7.7,6.3,7,25,27.5,35,29.16666667,150,37.5,0.75,16.64,12.3,423.7,543.7,492.7,518.3,343,529.4,0.117,0.116,177,485,795,1,0.1165,0.001941667,27.1182875,
SYPU,2,,,6/26/2019,10:21,10.3,9,9.9,9.733333333,47.5,30,32.5,36.66666667,150,28.9,0.807333333,42.17,15.01,427.8,515.9,538.3,519.1,455.2,594.2,0.189,0.165,287,477,695,1,0.177,0.00295,44.35077593,
PLPO,3,,,6/26/2019,10:33,6.8,7.2,7.5,7.166666667,25,37.5,52.5,38.33333333,150,11.6,0.922666667,42.16,20.56,383.5,566.1,535.9,503.1,508.7,631,0.222,0.218,216,378,543,1,0.22,0.003666667,63.00029511,
MYGU,2,,,6/26/2019,10:57,3.7,4.1,3.6,3.8,22.5,27.5,27.5,25.83333333,150,14.8,0.901333333,15.53,11.86,463.9,368.2,565.5,551.8,246,548.6,0.143,0.142,830,1081,1335,1,0.1425,0.002375,39.86349467,
LAHA,1,,,6/26/2019,11:15,7.3,7.2,7.1,7.2,45,45,45,45,150,13.7,0.908666667,37.72,19.56,567,472.7,571.8,464.8,456.8,618.2,0.237,0.191,226,378,566,1,0.214,0.003566667,60.35224671,
PIAX,3,,,6/26/2019,11:35,17.5,16.4,18.2,17.36666667,100,92.5,97.5,96.66666667,150,13,0.913333333,73.23,33.65,760.8,791.3,751.8,766.6,634.9,717.4,0.48,0.563,135,210,274,1,0.5215,0.008691667,147.8286779,
CUVE,2,,,6/26/2019,11:47,10.2,10.6,10.5,10.43333333,85,72.5,70,75.83333333,150,7.1,0.952666667,59.92,27.1,504.3,546.7,595.4,617.1,478.8,680.6,0.563,0.371,122,186,283,1,0.467,0.007783333,138.0806816,
ANFA,1,,,6/26/2019,12:03,4,4.2,4.2,4.133333333,10,12.5,22.5,15,150,98.6,0.342666667,6.657,3.818,312,148.2,564.5,165.2,113.1,472.7,0,0,271,0,654,1,0,0,0,
MYTO,3,,,6/28/2019,8:26,6,6.3,6.4,6.233333333,30,25,35,30,150,16.2,0.892,17.75,11.21,502.7,449.1,511.6,378.3,350,557.8,0.173,0.149,352,560,802,1,0.161,0.002683333,44.57237773,
ZETU,2,,yes,6/28/2019,8:50,22.5,22.4,19.6,21.5,125,132.5,117.5,125,150,9.7,0.935333333,68.8,31.98,631.4,645.9,797.6,697.7,634.7,691.1,1.636,0.837,77,99,142,1,1.2365,0.020608333,358.9513612,
CAGU,1,,,6/28/2019,9:02,12.5,11.7,10.6,11.6,50,57.5,60,55.83333333,150,9.1,0.939333333,59.92,20.67,395.1,320.5,379,614.4,461,657,0.185,0.237,131,326,478,1,0.211,0.003516667,61.51446642,
ROMO,3,,,6/28/2019,9:16,9.5,10.2,9.8,9.833333333,45,50,42.5,45.83333333,150,5.1,0.966,31.07,22.03,565.4,574.2,656.8,631,489.6,710.2,0.225,0.182,268,428,626,1,0.2035,0.003391667,61.0121897,
ALED,3,,,6/28/2019,9:30,10.4,10.5,10.5,10.46666667,57.5,65,80,67.5,150,7.8,0.948,59.92,31.24,368,489.3,613.2,673.5,593.1,752.4,0.409,0.456,146,234,313,1,0.4325,0.007208333,127.253437,
MYGU,3,,,6/28/2019,9:45,5.5,4.5,3.8,4.6,32.5,30,30,30.83333333,150,39.2,0.738666667,22.19,10.01,521.9,448.4,473.3,529.2,292.1,576.2,0.131,0.106,282,556,897,1,0.1185,0.001975,27.16701507,
CUVE,3,,,6/28/2019,10:05,13.6,14.4,14.1,14.03333333,70,75,95,80,150,8.4,0.944,68.79,32.15,495.3,640.9,608.8,695.7,543.2,737.3,0.667,0.419,119,173,259,1,0.543,0.00905,159.0914704,
SCVI,2,,,6/28/2019,10:19,7.1,7.3,6.9,7.1,67.5,55,65,62.5,150,7.9,0.947333333,54.37,27.15,553.4,583.7,626.2,502.3,491.1,667.3,0.238,0.35,115,266,369,1,0.294,0.0049,86.44208253,
ZEMO,2,,,6/28/2019,10:33,11.9,11,12.1,11.66666667,85,85,80,83.33333333,150,5.1,0.966,82.1,27.17,588.3,562,588.4,608.4,584.4,744.2,0.462,0.396,98,176,267,1,0.429,0.00715,128.6202918,
GOBA,3,,,6/28/2019,10:45,11.8,13.3,11.9,12.33333333,67.5,77.5,90,78.33333333,150,5.6,0.962666667,73.23,31.26,423.5,505.2,665.3,586.7,628.3,727.8,0.537,0.383,139,206,300,1,0.46,0.007666667,137.4386364,
CABR,3,,,6/28/2019,11:01,6.5,6.4,7,6.633333333,27.5,32.5,27.5,29.16666667,150,12.8,0.914666667,33.28,11.33,588.1,510.6,392,458.7,443.5,606.5,0.155,0.144,350,583,833,1,0.1495,0.002491667,42.44036564,
NECU,3,,,6/28/2019,11:16,10.8,10.5,11.5,10.93333333,70,65,70,68.33333333,150,14.4,0.904,64.35,23.97,493.7,524,525.6,582.3,464.9,669,0.308,0.298,127,244,365,1,0.303,0.00505,85.0131544,
CAAD,3,,,6/28/2019,11:27,5.4,5.8,5.5,5.566666667,35,37.5,40,37.5,150,7.2,0.952,39.94,19.28,475,503.8,559.8,447.8,490.3,607.7,0.186,0.188,240,434,626,1,0.187,0.003116667,55.25271547,
CRFL,2,,,7/1/2019,8:32,11.2,11.5,10.9,11.2,60,55,62.5,59.16666667,150,11.6,0.922666667,55.5,26.97,500.5,466.1,603.6,629.2,490.1,677.6,0.22,0.217,167,331,497,1,0.2185,0.003641667,62.57074764,
MAGU,3,,,7/1/2019,8:47,8.5,7.9,8.2,8.2,30,25,32.5,29.16666667,150,39,0.74,17.76,6.057,499.8,479.8,452.7,373.8,218.9,544.5,0.19,0.164,158,347,567,1,0.177,0.00295,40.651826,
COLA,2,,,7/1/2019,9:12,3,3.1,2.7,2.933333333,10.5,8,0,6.166666667,150,102.3,0.318,11.1,1.573,226.2,200,34.86,404.3,67.88,470.1,0.073,0,663,1155,0,1,0.0365,0.000608333,3.6024259,"50% BURNED, NO ROS2, NO FLAT HEAT FLUX"
SCVI,3,,,7/1/2019,9:31,5.5,6.1,5.9,5.833333333,60,50,70,60,150,8.7,0.942,46.61,23.64,417.1,517.2,598.7,577,512.4,637.1,0.273,0.194,175,307,493,1,0.2335,0.003891667,68.2673209,
MYUM,2,,,7/1/2019,9:45,6.1,5.1,5.5,5.566666667,27.5,30,30,29.16666667,150,14.3,0.904666667,26.63,13.61,487.7,597.2,686.6,531,448.6,630.9,0.099,0.139,236,599,858,1,0.119,0.001983333,33.41262696,
CASYs,2,,,7/1/2019,10:03,5.2,6.1,6.3,5.866666667,35,35,45,38.33333333,150,42.9,0.714,26.63,9.87,560.7,525.7,564,451.3,290.1,521.7,0.174,0.17,195,402,614,1,0.172,0.002866667,38.1155096,
ANFA,2,,,7/1/2019,10:20,3,3.3,3.2,3.166666667,22.5,27.5,30,26.66666667,150,81.3,0.458,17.75,9.36,380.7,550.6,515.5,536.3,438.7,562.6,0.286,0.2,196,322,502,1,0.243,0.00405,34.5419478,
ZETU,3,,yes,7/1/2019,10:40,15.1,15.9,18.3,16.43333333,90,110,90,96.66666667,150,10.1,0.932666667,68.79,28.09,676.7,738.4,554.8,723.8,484.5,696.1,0.783,0.621,102,148,206,1,0.702,0.0117,203.2069884,
MAAC,1,,,7/1/2019,10:57,5.3,6.3,4.9,5.5,55,47.5,45,49.16666667,150,45.1,0.699333333,31.07,11.39,662.4,458.3,531.9,556.6,334.1,571.8,0.2,0.252,640,820,963,1,0.226,0.003766667,49.05324476,
PIRO,2,,,7/1/2019,11:11,15.5,15,12.5,14.33333333,82.5,75,80,79.16666667,150,19,0.873333333,82.1,33.33,626.8,637.2,726.3,684,717.3,722.2,0.444,0.293,177,258,381,1,0.3685,0.006141667,99.88323522,
LEEL,1,,,7/1/2019,11:23,4.6,5.3,4.8,4.9,30,30,32.5,30.83333333,150,55.9,0.627333333,26.63,11.84,657.3,544.4,653.4,581.2,480.6,514.9,0.179,0.147,192,393,638,1,0.163,0.002716667,31.73664696,
QUMU,3,,,7/1/2019,11:38,7,7.5,8,7.5,25,30,35,30,150,25.4,0.830666667,15.53,11.43,481,449.8,591.3,387,342.5,618.5,0.157,0.161,328,557,781,1,0.159,0.00265,40.99198787,
MYMU,1,,,7/3/2019,8:51,3.3,3.1,3.3,3.233333333,10.5,0,0,3.5,150,121.4,0.190666667,2.219,0.315,370.4,30.79,22.4,29.95,29.11,52.22,0,0,704,0,0,1,0,0,0,
BARU,1,,,7/3/2019,9:11,8.6,11,11.3,10.3,45,45,60,50,150,9.1,0.939333333,51.04,19.85,359.9,463.8,650.2,697,490.2,719.8,0.4,0.3,192,282,402,1,0.35,0.005833333,102.0382144,
LUGR,1,,,7/3/2019,9:27,13.8,12.7,11.6,12.7,57.5,57.5,70,61.66666667,150,6.5,0.956666667,66.58,26.46,618.4,637.7,635.3,685.4,628.9,716.9,0.346,0.356,157,261,362,1,0.351,0.00585,104.218023,
CAGU,2,,,7/3/2019,9:40,8.9,8.8,8.7,8.8,42.5,45,45,44.16666667,150,10.1,0.932666667,29.96,17.13,419.5,514.8,508.5,630,393.8,633.2,0.197,0.18,196,379,579,1,0.1885,0.003141667,54.56483948,
ASTO,2,,,7/3/2019,9:55,10.1,9.4,8.5,9.333333333,72.5,82.5,92.5,82.5,150,9.4,0.937333333,42.17,32.21,562.1,603.7,613.4,633.4,563.7,732.9,0.263,0.429,130,267,351,1,0.346,0.005766667,100.6572897,
AESE,3,,,7/3/2019,10:11,18.8,21,18.9,19.56666667,95,110,125,110,150,7.6,0.949333333,75.45,29.31,619.2,716.1,773.5,695,552.8,673.1,0.947,0.923,94,132,171,1,0.935,0.015583333,275.4897298,
COLA,3,,,7/3/2019,10:23,3.8,4.2,3.9,3.966666667,32.5,27.5,35,31.66666667,150,57.8,0.614666667,19.97,7.299,511.5,405.7,344.3,487.5,272.9,541.8,0.197,0.127,248,431,715,1,0.162,0.0027,30.9050712,
PRHE,3,,,7/3/2019,10:46,10.2,8,9.5,9.233333333,47.5,47.5,50,48.33333333,150,26.9,0.820666667,29.96,27.15,500.2,491.5,507.5,459.5,525.1,588.9,0.277,0.333,135,265,373,1,0.305,0.005083333,77.68581122,
CRFL,3,,,7/3/2019,11:01,13.2,12.3,12.4,12.63333333,70,70,67.5,69.16666667,150,12,0.92,66.57,24.93,461,512.2,541.7,608.9,529.7,640.1,0.343,0.327,111,216,326,1,0.335,0.005583333,95.65500667,
CASYs,3,,,7/3/2019,11:18,4.2,4.1,4.1,4.133333333,32.5,25,30,29.16666667,150,58,0.613333333,13.31,5.018,517,366.8,412.9,395.1,197.1,513.8,0.143,0.13,233,485,762,1,0.1365,0.002275,25.98389733,
ANFA,3,,,7/3/2019,11:35,3.5,4.9,4.5,4.3,30,30,42.5,34.16666667,150,79.3,0.471333333,17.75,9.74,345.5,366.6,571.1,415.1,258.5,520,0.439,0.35,151,233,336,1,0.3945,0.006575,57.70988837,
AEVE,2,,,7/3/2019,11:49,11.3,11.4,10.8,11.16666667,70,75,85,76.66666667,150,9.1,0.939333333,75.45,29.85,539.6,479.8,680,618.8,553.2,706.8,0.319,0.419,84,197,283,1,0.369,0.00615,107.5774318,
XYAR,1,,,7/5/2019,8:44,7.8,8.5,7.1,7.8,50,50,65,55,150,12.1,0.919333333,55.49,22.32,474.1,523.6,609.9,581.1,456.5,587.5,0.252,0.202,221,364,542,1,0.227,0.003783333,64.77000584,
FAMO,1,,yes,7/5/2019,9:00,11.8,12.3,13.9,12.66666667,60,57.5,57.5,58.33333333,150,15.6,0.896,51.05,24.39,544.7,560.7,493.6,662.5,496,661.6,0.375,0.229,184,280,437,1,0.302,0.005033333,83.98273707,
BYLA,1,,,7/5/2019,9:13,7.2,8.2,7.1,7.5,50,50,60,53.33333333,150,9.2,0.938666667,44.39,23.86,554.6,533.9,673.3,582.6,580.2,635.5,0.2,0.237,262,442,594,1,0.2185,0.003641667,63.65578951,
ALED,2,,yes,7/5/2019,9:31,9.4,7.6,8.2,8.4,50,52.5,62.5,55,150,7.4,0.950666667,46.61,23.31,508.6,610.9,539,559.7,531,649.4,0.336,0.202,142,249,427,1,0.269,0.004483333,79.36986076,
STPO,1,,yes,7/5/2019,9:45,7.5,9.6,7.4,8.166666667,50,55,67.5,57.5,150,8.9,0.940666667,44.39,22.36,487.4,588.8,600,449,449,649.7,0.279,0.237,175,304,456,1,0.258,0.0043,75.32350707,
ANCR,1,,,7/5/2019,10:00,5.8,5.9,6.5,6.066666667,35,32.5,32.5,33.33333333,150,8.4,0.944,39.95,15.42,536.2,488.3,486,515.5,416.2,582.5,0.167,0.151,251,466,704,1,0.159,0.00265,46.5847952,
BARU,2,,,7/5/2019,10:16,8,7.5,8.1,7.866666667,45,40,42.5,42.5,150,9.4,0.937333333,38.84,19.65,632.3,577.9,644.4,547.5,422.8,692,0.183,0.168,220,417,631,1,0.1755,0.002925,51.0559374,
OUSP,1,,,7/5/2019,10:31,5.2,5.6,6,5.6,30,32.5,45,35.83333333,150,5.9,0.960666667,22.19,19.35,462.9,458.1,566.8,467.7,352.6,591.5,0.151,0.211,249,488,659,1,0.181,0.003016667,53.96676291,
ANCA,1,,,7/5/2019,10:50,13,12.5,11,12.16666667,50,72.5,65,62.5,150,14.1,0.906,58.81,27.58,499.7,526.8,664.6,629.2,595.5,696.9,0.514,0.367,230,300,398,1,0.4405,0.007341667,123.8651641,
TAAU,3,,,7/5/2019,11:03,6.5,5.8,7,6.433333333,52.5,32.5,40,41.66666667,150,9.1,0.939333333,46.61,20.65,597.1,618,642,614.7,528.5,688.8,0.263,0.212,211,348,518,1,0.2375,0.003958333,69.24021694,
KICO,3,,,7/5/2019,11:17,7.5,8.5,8.1,8.033333333,62.5,45,42.5,50,150,3.9,0.974,53.26,19.22,546.1,614,645.3,570.8,552.4,708.4,0.221,0.228,173,336,494,1,0.2245,0.003741667,67.86570643,
PORA,1,,,7/5/2019,11:29,9.5,10.5,9.6,9.866666667,57.5,55,62.5,58.33333333,150,8.7,0.942,48.83,26.34,471.1,554.1,574.9,598.9,562.1,625.3,0.305,0.34,210,328,434,1,0.3225,0.005375,94.2878415,
SYRE,1,,yes,7/5/2019,11:47,6.8,7.9,6,6.9,27.5,35,30,30.83333333,150,34.6,0.769333333,24.41,10.41,535,447.1,564.6,373,390.8,558.2,0.159,0.1,450,676,1036,1,0.1295,0.002158333,30.92141718,
FAMO,2,,yes,7/8/2019,8:40,11.9,12.5,11,11.8,67.5,62.5,65,65,150,13.4,0.910666667,73.27,25.8,468.4,574.7,667.8,667.8,606.7,672.6,0.391,0.257,267,359,499,1,0.324,0.0054,91.5755472,
ERGR,1,,,7/8/2019,8:54,7.2,6.8,6.1,6.7,27.5,35,32.5,31.66666667,150,12.5,0.916666667,26.64,13,393.2,425.4,548.6,507,390,602.1,0.225,0.129,375,535,815,1,0.177,0.00295,50.35699167,
OUSP,2,,,7/8/2019,9:09,4.6,5.1,5.1,4.933333333,25,27.5,30,27.5,150,8.8,0.941333333,26.64,10.54,255.3,370,581.6,412,280.2,594.3,0.157,0.155,383,612,845,1,0.156,0.0026,45.57672427,FLAME DURATION TIME IS BAD
ANCA,2,,,7/8/2019,9:27,13.5,14.1,14,13.86666667,75,72.5,82.5,76.66666667,150,12.1,0.919333333,66.6,30.07,611.3,595.3,630.6,670,584.1,730.9,0.554,0.387,133,198,291,1,0.4705,0.007841667,134.2479637,
ANCR,2,,,7/8/2019,9:58,5,6.4,5.5,5.633333333,35,32.5,37.5,35,150,7.5,0.95,23.31,10.38,449.4,579.6,547,484.6,372.2,641.4,0.183,0.122,286,483,778,1,0.1525,0.002541667,44.96437083,ENDS AT 10:07 WAS NOT UNPLUGGED
SYRE,2,,yes,7/8/2019,10:14,6.4,6.7,6.5,6.533333333,32.5,37.5,42.5,37.5,150,31.8,0.788,26.64,18.88,510.1,571.6,598.1,582,416.5,570,0.161,0.187,248,471,664,1,0.174,0.0029,42.5549944,
PORA,2,,,7/8/2019,10:26,11.5,10.4,10.5,10.8,65,62.5,75,67.5,150,7.3,0.951333333,62.16,30.74,498.8,627.4,596.2,665.3,532.3,735.9,0.655,0.336,188,243,350,1,0.4955,0.008258333,146.3023981,
STPO,2,,yes,7/8/2019,10:39,8,7.3,7.6,7.633333333,57.5,57.5,57.5,57.5,150,7.7,0.948666667,38.84,22.44,628.2,477.2,589.8,456.4,484.4,677.3,0.235,0.333,175,328,436,1,0.284,0.004733333,83.61940116,
XYAR,2,,,7/8/2019,10:54,8.3,8.3,7.9,8.166666667,62.5,52.5,62.5,59.16666667,150,9.6,0.936,47.72,27.57,423.4,529,551.3,658.7,479.4,670.7,0.288,0.245,177,302,449,1,0.2665,0.004441667,77.4191028,
BYLA,2,,,7/8/2019,11:08,7.5,8.2,8.3,8,55,52.5,62.5,56.66666667,150,8.3,0.944666667,62.14,21.73,509.7,564.7,594.4,494.5,508.9,655.3,0.248,0.271,161,306,439,1,0.2595,0.004325,76.08359503,
LAHA,2,,,7/8/2019,11:24,6,6.3,8.5,6.933333333,55,57.5,57.5,56.66666667,150,12.3,0.918,48.83,23.17,486.4,384.5,562.3,591,495.2,635.1,0.206,0.277,163,338,468,1,0.2415,0.004025,68.8073589,25 GRAMS OF LAHA BONUS ADDED
MYUM,3,,,7/8/2019,11:38,6,6.3,8.5,6.933333333,60,47.5,40,49.16666667,150,8.4,0.944,47.72,23.31,527.7,590,586.8,620.4,588.4,621.2,0.177,0.161,161,364,588,1,0.169,0.002816667,49.51465653,
TEGL,3,,,7/10/2019,8:42,11.1,10.4,10.8,10.76666667,10,42.5,47.5,33.33333333,150,9.1,0.939333333,26.64,18.13,337.4,282.6,479.3,595.9,370.8,645.6,0.182,0.34,310,508,614,1,0.261,0.00435,76.0913542,
ERGR,2,,,7/10/2019,8:57,6.1,5.2,4.8,5.366666667,27.5,30,27.5,28.33333333,150,17.7,0.882,17.76,10.52,574.4,457.9,421,524.2,294.3,607.2,0.151,0.119,364,603,906,1,0.135,0.00225,36.955359,
OCPU,1,,,7/10/2019,9:13,3.1,3.4,3.4,3.3,9,0,0,3,150,121.6,0.189333333,6.66,0.551,337.1,49.78,22.27,53.13,36.52,297.1,0,0,566,0,0,1,0,0,0,
SYPU,3,,,7/10/2019,9:25,7,7.5,6.8,7.1,22.5,25,25,24.16666667,150,42.9,0.714,13.32,7.238,470.7,364.6,478.8,354.8,200.8,558.6,0.124,0.131,594,884,1158,1,0.1275,0.002125,28.2542295,
STCA,1,,,7/10/2019,9:39,7.1,7,7.7,7.266666667,55,60,60,58.33333333,150,8.6,0.942666667,48.84,21.97,354.7,527.4,476.3,506.6,518.6,643.4,0.343,0.229,158,263,420,1,0.286,0.004766667,83.67568098,
LAHA,3,,,7/10/2019,9:53,8,8,8.5,8.166666667,55,57.5,57.5,56.66666667,150,10.9,0.927333333,36.63,16.72,304.2,467.5,539.4,410.6,501.1,633,0.327,0.324,202,312,423,1,0.3255,0.005425,93.68324723,40.3 GRAMS OF LAHA BONUS ADDED
CAGU,3,,,7/10/2019,10:09,8.1,8.3,7.4,7.933333333,42.5,35,35,37.5,150,10.3,0.931333333,28.85,13,375,392,355.7,387.2,400.1,615.3,0.231,0.154,172,328,562,1,0.1925,0.003208333,55.64305328,
ANCR,3,,,7/10/2019,10:27,7.1,8.2,7.3,7.533333333,30,30,35,31.66666667,150,7.2,0.952,34.4,18.8,485.2,539.5,555.5,526.7,414.7,647.5,0.212,0.137,342,512,774,1,0.1745,0.002908333,51.55935213,
PORA,3,,,7/10/2019,10:43,13.4,12.2,11.9,12.5,70,72.5,72.5,71.66666667,150,7.4,0.950666667,59.92,28.5,500.4,549.8,518,733.4,497.2,691.1,0.379,0.346,136,231,335,1,0.3625,0.006041667,106.9575261,
ZEMO,3,,,7/10/2019,11:01,7.5,8.4,9.3,8.4,70,67.5,75,70.83333333,150,7.5,0.95,73.24,26.73,537.3,554.1,648.6,618.1,570.1,680,0.383,0.275,108,202,333,1,0.329,0.005483333,97.00510167,
ANCA,3,,,7/10/2019,11:16,11.7,10.5,10.6,10.93333333,65,65,67.5,65.83333333,150,16.2,0.892,62.14,25.95,484.7,511.9,611,569.4,561.4,681.8,0.25,0.33,122,266,375,1,0.29,0.004833333,80.28564933,
FAMO,3,,yes,7/10/2019,11:28,12.3,14.9,13.7,13.63333333,72.5,70,67.5,70,150,12.7,0.915333333,62.14,21.99,574.9,549.4,560.6,752.6,535,759.1,0.36,0.261,128,228,366,1,0.3105,0.005175,88.2096207,
BARU,3,,,7/10/2019,11:39,9.7,10.7,11.1,10.5,65,60,72.5,65.83333333,150,9.4,0.937333333,46.6,26.95,543.5,556.3,519.6,613.9,567.5,687.9,0.275,0.387,108,239,332,1,0.331,0.005516667,96.29353436,
DAFA,1,,,7/12/2019,8:42,10.1,9.9,9.8,9.933333333,72.5,70,70,70.83333333,150,3.4,0.977333333,55.5,26.68,478,415.5,545.9,720.4,487.6,687.1,0.371,0.303,145,242,361,1,0.337,0.005616667,102.2227792,
STFE,1,,,7/12/2019,8:54,3.8,4.8,4.3,4.3,32.5,27.5,37.5,32.5,150,12.5,0.916666667,26.64,9.52,574.8,460.7,594.2,418.2,312.8,544.5,0.148,0.162,704,947,1169,1,0.155,0.002583333,44.09793056,
BYIN,1,,,7/12/2019,9:07,2.2,2,2.1,2.1,0,0,0,0,150,148,0.013333333,0,0.138,22.5,19.12,17.46,19.15,18.28,36.72,0,0,0,0,0,1,0,0,0,
MYMU,2,,,7/12/2019,9:16,4.1,4,4,4.033333333,11.5,4.5,0,5.333333333,150,104.3,0.304666667,4.44,0.905,485.2,96.6,25.66,146.5,48.93,464.5,0,0,325,0,0,1,0,0,0,STOPPED HALFWAY
GUNI,2,,,7/12/2019,9:36,9.5,9.6,9.2,9.433333333,45,47.5,55,49.16666667,150,10.4,0.930666667,25.53,17.8,462.9,384.9,497.3,617.9,276.4,553.2,0.194,0.267,224,410,545,1,0.2305,0.003841667,66.57944351,
STCA,2,,,7/12/2019,9:52,9,9.5,8.2,8.9,67.5,60,62.5,63.33333333,150,7.4,0.950666667,57.72,25.82,506.1,547.7,591.6,616.4,651.7,717.3,0.303,0.31,158,277,393,1,0.3065,0.005108333,90.43443242,
RALA,1,,yes,7/12/2019,10:05,2.8,3,2.6,2.8,0,0,0,0,150,144.8,0.034666667,0,0.138,33.47,23.42,20.94,23.47,22.62,41.74,0,0,0,0,0,1,0,0,0,
OCPU,2,,,7/12/2019,10:16,2.5,2.7,2.4,2.533333333,0,0,0,0,150,141.2,0.058666667,1.11,0.197,67.01,25.63,21.42,26.46,25.63,48.93,0,0,0,0,0,1,0,0,0,
BYLA,3,,,7/12/2019,10:26,9.5,9.6,9.2,9.433333333,45,35,37.5,39.16666667,150,9,0.94,42.17,18.47,592.6,623.1,650.5,584.7,476.1,623.9,0.209,0.147,247,419,664,1,0.178,0.002966667,51.93055067,
MYLI,3,,,7/12/2019,10:43,7.1,6.5,6.4,6.666666667,25,30,30,28.33333333,150,23.2,0.845333333,22.19,11.09,511.5,488.4,637.2,643.5,288,645.9,0.16,0.151,382,607,846,1,0.1555,0.002591667,40.79749142,
OUSP,3,,,7/12/2019,10:56,5.1,4.2,3.9,4.4,25,30,25,26.66666667,150,10.3,0.931333333,11.1,8.1,349.2,288.8,510.1,329.8,218.7,602.7,0.122,0.107,445,741,1078,1,0.1145,0.001908333,33.09677714,
MISE,2,,yes,7/12/2019,11:17,7.5,7.1,6.8,7.133333333,25,30,30,28.33333333,150,34.6,0.769333333,18.86,10.07,319.4,417.5,424.7,452,274.3,540.7,0.146,0.187,411,657,850,1,0.1665,0.002775,39.7561078,
ERGR,3,,,7/12/2019,11:35,6,5.5,5.5,5.666666667,30,35,32.5,32.5,150,19.1,0.872666667,19.97,10.45,375.5,419.1,599,386.9,326.8,574.2,0.197,0.158,343,526,754,1,0.1775,0.002958333,48.07527939,
ERTO,3,,,7/12/2019,11:52,7.3,6.8,7.5,7.2,40,45,50,45,150,7.1,0.952666667,35.51,19.99,493.5,434.3,531.9,443.9,507.9,615.8,0.198,0.265,267,449,585,1,0.2315,0.003858333,68.44898886,25 GRAMS ERTO 2
OCMI,1,,,7/15/2019,8:39,5.4,5.3,6,5.566666667,32.5,37.5,40,36.66666667,150,14.4,0.904,19.98,10.44,481.8,319,572.1,402.5,302.6,542.6,0.133,0.265,235,505,641,1,0.199,0.003316667,55.83372187,
MYFE,1,,,7/15/2019,8:57,8.4,7.4,7.6,7.8,22.5,35,62.5,40,150,11,0.926666667,17.76,21.91,335,430.5,616.8,365.2,402.4,499.3,0.096,0.288,339,715,840,1,0.192,0.0032,55.22043733,
GUVI,1,,,7/15/2019,9:18,15.2,14.9,16.5,15.53333333,80,102.5,90,90.83333333,150,7.9,0.947333333,64.37,29.97,668.8,606.1,638.3,670.5,491.1,752.6,0.783,0.414,109,155,242,1,0.5985,0.009975,175.9713823,
BALO,1,,,7/15/2019,9:32,11.8,12.2,11.9,11.96666667,60,62.5,67.5,63.33333333,150,10.3,0.931333333,37.73,22.16,492.2,458.7,544.1,572.1,505.8,695.8,0.444,0.434,151,232,315,1,0.439,0.007316667,126.895067,
LUGR,2,,,7/15/2019,9:50,15.5,17,15.9,16.13333333,70,75,82.5,75.83333333,150,9.9,0.934,68.8,33.38,680.7,690.4,664.6,664.6,534.8,754,0.8,0.439,131,176,258,1,0.6195,0.010325,179.5821881,
CHLA,1,,,7/15/2019,10:04,3.5,3.5,3.5,3.5,27.5,30,30,29.16666667,150,45.3,0.698,11.1,6.708,436.4,347.7,449.4,407.6,337.9,510.1,0.159,0.135,232,459,725,1,0.147,0.00245,31.8454822,
BYIN,2,,,7/15/2019,10:17,4,4.1,3.9,4,9,0,0,3,150,130.5,0.13,0,0.197,146.3,30.61,26.42,30.61,32.25,55.43,0,0,0,0,0,1,0,0,0,
MISE,3,,yes,7/15/2019,10:32,5.5,5.2,5,5.233333333,0,0,0,0,150,147.5,0.016666667,0,0.177,32.69,25.15,23.47,26.83,25.15,38.5,0,0,0,0,0,1,0,0,0,
RALA,2,,yes,7/15/2019,10:39,3.2,2.9,3,3.033333333,4,0,0,1.333333333,150,135.5,0.096666667,0,0.315,75.84,31.3,27.09,31.28,32.97,54.5,0,0,0,0,0,1,0,0,0,
DAFA,2,,yes,7/15/2019,10:50,6.4,5.7,5.8,5.966666667,50,35,47.5,44.16666667,150,32,0.786666667,22.19,12.51,569.3,515.9,573.4,487.9,297.3,574.9,0.214,0.196,221,389,573,1,0.205,0.003416667,50.05179778,
MYMU,3,,,7/15/2019,11:07,3.6,3.7,4.2,3.833333333,0,0,0,0,150,136.8,0.088,0,0.177,45.87,29.23,26.71,29.23,30.06,37.57,0,0,0,0,0,1,0,0,0,DID NOT UNPLUG
MILI,3,,,7/15/2019,11:16,3.2,3.6,3.6,3.466666667,0,0,0,0,150,148.4,0.010666667,0,0.197,32.89,27.06,25.39,28.74,27.06,43.7,0,0,0,0,0,1,0,0,0,
STPO,3,,yes,7/15/2019,11:24,6.8,7.2,7.9,7.3,65,55,70,63.33333333,150,11.9,0.920666667,51.04,21.23,497.3,569.2,619.7,454.2,562,718.1,0.375,0.245,192,288,435,1,0.31,0.005166667,88.58071578,
DARA,1,,,7/15/2019,11:38,4.9,4.3,3.9,4.366666667,0,0,0,0,150,131.1,0.126,0,0.177,76.86,32.31,28.13,30.64,33.98,41.47,0,0,0,0,0,1,0,0,0,
BADR,1,,,7/15/2019,11:50,1.4,1.3,1.6,1.433333333,0,0,0,0,150,143.7,0.042,0,0.177,42.66,30.17,26.85,30.17,30.17,55.88,0,0,0,0,0,1,0,0,0,
LUCA,1,,,7/15/2019,12:02,14,13.5,15,14.16666667,90,92.5,107.5,96.66666667,150,9.9,0.934,57.69,28.15,588.2,582.7,547.5,616.3,522.7,665.3,0.655,0.529,93,148,216,1,0.592,0.009866667,171.6104203,
LUCA,2,,,7/17/2019,8:44,16.3,15.1,17,16.13333333,80,72.5,87.5,80,150,9,0.94,59.94,26.78,611.5,621.2,663,681.5,509.3,646.8,0.5,0.36,106,178,278,1,0.43,0.007166667,125.4502067,
MYFE,2,,,7/17/2019,8:57,5.2,5.7,5.5,5.466666667,13.5,0,0,4.5,150,100.1,0.332666667,2.22,0.61,244.3,28.51,17.57,23.47,31.86,69.85,0,0,352,0,0,1,0,0,0,
OCMI,2,,,7/17/2019,9:12,8.8,7.2,8.1,8.033333333,35,52.5,57.5,48.33333333,150,9.3,0.938,22.2,20.02,324.3,236.8,610.2,339.8,308,623,0.295,0.5,292,414,486,1,0.3975,0.006625,115.7217635,
STFE,2,,,7/17/2019,9:35,3.8,3.9,4.3,4,32.5,37.5,42.5,37.5,150,16.8,0.888,22.2,11.92,369.6,484.5,464.6,485.3,341.2,536.4,0.186,0.149,323,517,759,1,0.1675,0.002791667,46.163938,
BADR,2,,,7/17/2019,9:52,1.7,1.9,1.6,1.733333333,0,0,0,0,150,142.5,0.05,0,0.098,22.4,17.33,17.33,19.02,17.33,36.62,0,0,0,0,0,1,0,0,0,
GUVI,2,,,7/17/2019,10:07,17.3,16.8,16.7,16.93333333,77.5,70,82.5,76.66666667,150,10.8,0.928,51.06,28.04,609.6,643.3,673.2,683.6,497.8,706.3,0.6,0.424,121,181,266,1,0.512,0.008533333,147.4663765,
BALO,2,,,7/17/2019,10:19,8.8,8.2,8.5,8.5,42.5,47.5,57.5,49.16666667,150,12.6,0.916,42.17,18.92,534.3,527.2,608.7,480.9,560.7,583.1,0.261,0.214,211,349,517,1,0.2375,0.003958333,67.52026833,
CHLA,2,,,7/17/2019,10:36,3.7,4.2,3.8,3.9,35,35,42.5,37.5,150,21.8,0.854666667,15.54,10.01,391.6,373.8,534.3,384.4,331.7,585.3,0.161,0.156,243,466,697,1,0.1585,0.002641667,42.04371704,
RALA,3,,yes,7/17/2019,10:52,5.5,4.8,5.3,5.2,27.5,32.5,45,35,150,38.4,0.744,17.75,10.54,440.4,371.2,462.9,450.1,254,549.1,0.133,0.201,257,528,707,1,0.167,0.002783333,38.5624376,
DAFA,3,,yes,7/17/2019,11:07,5,4.3,4.6,4.633333333,0,0,0,0,150,134.5,0.103333333,0,0.177,37.85,24.48,21.96,24.48,23.64,39.52,0,0,0,0,0,1,0,0,0,
STCA,3,,,7/17/2019,11:17,6.2,6.7,6.3,6.4,52.5,50,50,50.83333333,150,7,0.953333333,33.29,20.32,513.1,522.7,561.1,474.9,482.8,642.7,0.225,0.187,215,375,568,1,0.206,0.003433333,60.95187511,
OCPU,3,,,7/17/2019,11:30,2.8,2.8,2.5,2.7,0,0,0,0,150,141.4,0.057333333,0,0.138,39.46,24.45,21.08,25.29,24.45,40.29,0,0,0,0,0,1,0,0,0,
SYRE,3,,yes,7/17/2019,11:40,6,5.8,6.2,6,35,37.5,42.5,38.33333333,150,30.9,0.794,23.3,18.31,544.2,572.9,569.8,475.5,348.3,577.7,0.212,0.117,248,418,727,1,0.1645,0.002741667,40.53792143,
BYIN,3,,,7/17/2019,11:51,4.8,3.9,4,4.233333333,27.5,25,25,25.83333333,150,22.7,0.848666667,11.1,6.196,588.6,390.9,204.7,408.7,281.8,586.2,0.094,0.078,353,734,1193,1,0.086,0.001433333,22.65221462,
DARA,2,,yes,7/19/2019,8:45,3.8,4.1,4,3.966666667,0,0,0,0,150,149.8,0.001333333,0,0.098,20.06,15.83,14.14,15.83,15.83,23.41,0,0,0,0,0,1,0,0,0,
OCMI,3,,,7/19/2019,8:57,8.3,7.7,9.2,8.4,47.5,50,67.5,55,150,13.5,0.91,42.18,19.84,414.1,505.4,566.9,629.3,531.7,660.7,0.336,0.242,176,283,432,1,0.289,0.004816667,81.62332967,
CHLA,3,,,7/19/2019,9:14,3.9,4,4.3,4.066666667,30,32.5,35,32.5,150,31,0.793333333,22.2,8.2,472.2,530.6,371.9,373.4,338.5,562.5,0.16,0.138,261,486,747,1,0.149,0.002483333,36.68740911,
MYFE,3,,,7/19/2019,9:29,8.8,8.2,8.6,8.533333333,55,45,50,50,150,10.4,0.930666667,31.07,16.13,334.4,419.3,543.4,551.4,457.1,600.1,0.225,0.179,137,297,498,1,0.202,0.003366667,58.34727804,
DARA,3,,yes,7/19/2019,9:44,5.2,4.9,4.8,4.966666667,13,1,22.5,12.16666667,150,58.4,0.610666667,5.549,3.029,417.8,71.97,306.1,58.86,75.27,316.7,0,0,431,0,1799,1,0,0,0,ROS MESSED UP - FLAMES NEVER REACHED THERMOCOUPLE 2
STFE,3,,,7/19/2019,10:03,4.8,5.2,4.1,4.7,50,45,40,45,150,13.8,0.908,26.63,9.72,418.5,421.7,653.8,455.4,286.1,629.6,0.226,0.193,257,416,603,1,0.2095,0.003491667,59.03980953,
BALO,3,,,7/19/2019,10:19,11.2,10.9,8.8,10.3,60,52.5,52.5,55,150,15,0.9,39.95,21.52,452.2,480.2,563.2,490.6,364.4,636.1,0.343,0.269,182,287,421,1,0.306,0.0051,85.47498,
GUVI,3,,,7/19/2019,10:37,17.5,19.8,17.2,18.16666667,107.5,92.5,107.5,102.5,150,8,0.946666667,69.91,29.27,673,642.4,715.2,690,463.3,752.7,0.545,0.529,99,165,233,1,0.537,0.00895,157.7779987,
BADR,3,,,7/19/2019,10:47,2.1,1.8,1.8,1.9,0,0,0,0,150,147.9,0.014,0,0.02,28.14,25.63,23.95,25.63,25.63,46.45,0,0,0,0,0,1,0,0,0,
LUGR,3,,,7/19/2019,10:59,17.5,17.2,16.1,16.93333333,77.5,95,82.5,85,150,5.9,0.960666667,73.24,33.54,722.2,668.7,668.7,706,642.9,733.7,0.391,0.5,144,236,308,1,0.4455,0.007425,132.8297949,
GUNI,3,,,7/19/2019,11:12,9.5,9,9.4,9.3,67.5,62.5,60,63.33333333,150,12.3,0.918,51.04,21.86,503.5,565.8,624.2,469.2,603.3,622.6,0.419,0.259,167,253,392,1,0.339,0.00565,96.5867274,
XYAR,3,,,7/19/2019,11:23,8.2,9,9.1,8.766666667,60,55,52.5,55.83333333,150,8.3,0.944666667,53.26,19.16,513.5,508,597.4,551.1,488.8,613.4,0.486,0.237,199,273,425,1,0.3615,0.006025,105.9892856,
LUCA,3,,,7/19/2019,11:40,20.9,21.3,21.7,21.3,110,122.5,112.5,115,150,9.5,0.936666667,62.14,27.8,740.1,723.8,730.3,654.1,492.6,674.3,1.029,0.655,109,144,199,1,0.842,0.014033333,244.7779136,
