IndCode,LeafNum,L,W,H,Comments,,
CASYf2,1,7.69,2.90,1.18,"changed from 118, sf 30 june 2020",,
ZETU1,1,30.80,12.50,11.00,,,
ZETU1,2,21.00,8.80,9.50,,,
ZETU1,5,36.50,14.80,9.10,,,
ZETU1,3,36.50,10.00,8.80,,,
PIAX3,1,16.40,10.60,7.73,,,
ZETU1,4,39.50,10.50,7.50,,,
ZETU2,1,31.00,8.80,7.50,,,
CRFL3,3,15.70,7.37,7.41,,,
GUVI3,5,12.55,4.79,7.10,,,
GUVI2,5,12.31,7.68,7.01,,,
CRFL3,1,17.50,6.50,6.87,,,
ASTO3,4,14.50,3.86,6.70,,,
POTO3,5,15.43,11.08,6.57,,,
ALED3,4,16.60,9.40,6.56,,,
ZETU2,2,29.00,8.30,6.50,,,
POTO3,1,13.06,9.80,6.48,,,
DIBU1,3,17.50,6.26,6.34,,,
ALED3,1,15.00,11.70,6.30,,,
CABR1,3,13.71,6.52,6.04,,,
TOFO3,3,10.36,8.16,6.00,,,
CRFL3,4,15.50,4.55,5.89,,,
ZETU3,4,20.70,8.00,5.82,,,
DIBU1,2,17.70,7.06,5.77,,,
TOFO3,5,10.65,6.56,5.75,,,
TAAU3,1,18.00,11.50,5.74,,,
ROMO1,2,15.50,4.45,5.71,,,
TAAU3,5,22.50,9.40,5.63,,,
QUGR3,4,14.51,5.08,5.49,,,
TOFO2,4,13.00,6.89,5.46,,,
ZETU3,5,19.90,5.77,5.46,,,
ROMO3,5,11.67,6.14,5.45,,,
DIBU3,1,15.42,8.31,5.39,,,
AESE3,5,25.60,9.40,5.35,,,
GUVI3,2,16.50,4.37,5.34,,,
AESE3,2,20.80,7.29,5.31,,,
CRFL1,4,11.26,4.73,5.29,,,
PIRO2,1,16.70,7.09,5.22,,,
ALED2,4,11.40,4.52,5.22,,,
ASTO3,5,13.00,4.40,5.20,,,
LUGR3,1,13.17,11.64,5.17,,,
CRFL1,5,10.48,5.88,5.14,,,
CRFL3,5,14.50,4.08,5.12,,,
GUVI3,4,13.95,7.92,5.07,,,
PIAX2,4,16.30,6.19,5.06,,,
GUVI1,1,7.87,5.06,5.04,,,
DIBU2,2,10.85,8.42,5.01,,,
PIRO1,2,15.80,8.80,5.00,,,
PIRO3,1,15.00,7.00,4.92,,,
CABR1,1,11.73,8.15,4.91,,,
PIRO1,4,13.60,8.50,4.90,,,
TOFO3,1,13.06,8.59,4.89,,,
GUVI1,3,15.15,9.50,4.89,,,
AMIN3,2,11.52,3.49,4.88,,,
PORA3,5,14.90,4.24,4.88,,,
PIRO2,4,16.60,8.60,4.85,,,
PLPO2,5,7.33,2.25,4.84,,,
ANCR3,3,9.23,6.53,4.84,,,
PIRO1,3,13.30,11.40,4.80,,,
CRFL2,3,12.71,3.85,4.78,,,
QUGR2,1,20.30,7.90,4.73,,,
BARU3,1,10.19,8.97,4.73,,,
ERSU2,2,13.08,3.80,4.71,,,
PIRO1,1,13.40,8.40,4.70,,,
GUVI1,4,15.10,4.00,4.68,,,
DIBU2,1,14.38,5.86,4.66,,,
FAMO1,2,11.59,3.03,4.64,,,
NECU2,4,11.77,2.84,4.61,,,
ZETU3,1,20.50,11.50,4.60,,,
GUVI2,4,16.00,5.45,4.59,,,
QUGR2,2,20.20,7.90,4.57,,,
LUCA3,2,9.62,6.38,4.54,,,
CABR3,4,12.97,9.13,4.53,,,
TAGU3,5,15.13,4.81,4.52,,,
PIRO1,5,15.70,10.20,4.50,,,
PIAX2,5,15.23,9.63,4.50,,,
AMIN1,4,16.70,6.47,4.49,,,
CABR1,2,11.26,8.71,4.46,,,
PIRO2,3,15.80,7.30,4.46,,,
ERGR3,2,9.26,4.45,4.46,,,
ROMO1,5,13.80,2.91,4.45,,,
QUGR3,1,12.10,7.92,4.44,,,
TAAU3,2,9.79,1.24,4.43,,,
SIGU1,1,15.30,7.70,4.40,,,
TAGU1,2,11.68,3.80,4.40,,,
TAAU3,3,16.30,7.50,4.40,,,
ZEMO2,2,12.74,4.57,4.39,,,
LUGR3,4,17.46,9.75,4.35,,,
PIAX2,1,17.60,9.28,4.30,,,
QUGR2,3,18.40,7.40,4.30,,,
LUGR1,4,10.96,6.82,4.30,,,
DIBU2,3,16.00,6.17,4.29,,,
TAAU3,2,17.50,8.40,4.29,,,
PORA3,3,16.00,4.72,4.29,,,
PIAX2,3,15.00,9.60,4.28,,,
ROMO1,4,15.10,5.40,4.27,,,
STPO2,4,9.55,5.90,4.27,,,
ASTO2,1,13.20,4.45,4.25,,,
AESE1,1,24.00,6.80,4.24,,,
CRFL3,2,13.10,5.73,4.24,,,
MYLI1,4,10.25,5.50,4.23,,,
QUGR2,4,17.50,5.88,4.21,,,
DIBU3,5,16.10,3.81,4.13,,,
CUVE1,1,13.71,2.61,4.12,,,
DIBU3,3,16.90,8.50,4.10,,,
CUVE1,2,8.62,2.53,4.10,,,
CABR2,5,9.15,5.55,4.10,,,
ZEMO3,5,13.77,2.91,4.10,,,
AESE3,3,30.20,10.60,4.02,,,
TOFO1,5,11.80,1.21,4.01,,,
AESE2,1,26.50,7.30,4.00,,,
ZETU2,3,24.00,11.40,4.00,,,
ZETU2,5,26.00,12.00,4.00,,,
TOFO3,2,11.59,4.30,3.97,,,
TAGU2,2,14.36,3.76,3.95,,,
DIBU3,4,14.10,6.59,3.91,,,
TAAU3,4,13.40,7.30,3.91,,,
PIRO2,2,16.50,5.28,3.90,,,
ERTO1,4,11.60,2.23,3.89,,,
ROMO3,1,11.10,3.09,3.89,,,
TAAU3,4,15.70,5.87,3.89,,,
AESE1,2,36.60,10.40,3.87,,,
LUGR2,2,18.80,13.80,3.85,,,
DUFU1,3,10.63,2.82,3.83,,,
ROMO3,2,12.26,5.12,3.83,,,
TAAU3,1,9.47,2.85,3.83,,,
FAMO1,5,14.00,5.19,3.82,,,
ANCA3,4,16.90,3.90,3.82,,,
CABR2,2,9.45,5.28,3.81,,,
LUCA3,4,11.11,5.34,3.79,,,
AESE1,5,35.50,12.00,3.77,,,
FAMO2,1,13.07,3.95,3.77,,,
TOFO1,2,10.50,3.37,3.75,,,
ERGR1,3,10.33,5.20,3.74,,,
DUFU3,4,12.75,3.99,3.73,,,
TAGU3,1,8.98,3.86,3.73,,,
ROMO2,2,11.38,5.67,3.73,,,
ERSU2,3,9.81,5.22,3.72,,,
CUVE2,1,13.00,4.13,3.72,,,
ZETU3,2,23.10,6.89,3.72,,,
LUGR2,3,13.19,11.45,3.72,,,
TAAU1,1,18.30,7.49,3.71,,,
AESE2,3,27.00,7.84,3.71,,,
ZEMO2,4,9.36,4.47,3.69,,,
ROMO2,1,18.90,4.51,3.68,,,
POTO2,3,17.90,7.65,3.67,,,
MYUM3,2,14.50,5.20,3.66,,,
ANCA3,1,14.32,3.34,3.65,,,
TAAU2,2,12.00,2.79,3.64,,,
ERTO1,2,11.00,2.45,3.63,,,
TAGU1,4,7.02,2.01,3.63,,,
PIAX3,2,18.20,7.40,3.61,,,
ALED3,2,15.00,8.00,3.61,,,
ZEMO3,3,13.62,2.89,3.61,,,
ERTO1,3,13.60,4.40,3.60,,,
ASTO1,1,13.96,5.56,3.60,,,
ANCR1,5,9.66,5.72,3.58,,,
GUVI1,5,10.74,4.11,3.58,,,
ERTO2,2,10.10,3.31,3.57,,,
GUVI2,1,12.16,7.13,3.57,,,
AMIN3,1,10.14,5.28,3.52,,,
ERGR1,2,9.63,4.62,3.51,,,
DIBU2,4,11.09,5.03,3.50,,,
SCVI1,3,10.66,2.50,3.50,,,
GUVI3,3,14.00,5.22,3.50,,,
ASTO3,2,17.00,5.80,3.48,,,
POTO3,2,13.63,7.33,3.48,,,
PORA3,2,16.40,6.35,3.48,,,
QUGR1,5,13.80,6.40,3.47,,,
AMIN1,5,15.80,4.53,3.45,,,
DIBU1,5,20.50,8.24,3.45,,,
KICO3,1,12.09,2.34,3.45,,,
BARU2,4,10.20,7.49,3.45,,,
DIBU3,2,12.87,7.14,3.41,,,
SIGU1,2,15.10,4.90,3.41,,,
BALO3,5,8.68,4.68,3.41,,,
AESE2,5,21.80,4.93,3.40,,,
CUVE2,4,15.50,4.16,3.40,,,
ALED3,3,13.50,7.70,3.39,,,
GUVI3,1,16.00,6.57,3.39,,,
CABR1,4,12.84,5.39,3.38,,,
CABR2,1,10.60,8.58,3.38,,,
POTO2,2,18.50,8.30,3.37,,,
AESE2,2,27.50,10.14,3.37,,,
MYLI3,4,12.02,1.51,3.36,,,
QUGR1,3,13.00,4.80,3.35,,,
CUVE1,5,8.01,2.29,3.34,,,
ERGR1,1,11.49,5.21,3.34,,,
QUGR2,5,16.70,5.32,3.32,,,
CRFL1,3,12.11,6.02,3.31,,,
AEVE2,1,14.27,4.46,3.31,,,
LUCA2,3,9.68,5.32,3.31,,,
ASTO3,3,14.32,6.13,3.30,,,
PORA1,1,12.50,5.18,3.30,,,
ZIMO1,3,15.19,5.01,3.28,,,
ERGR3,4,11.98,4.68,3.28,,,
POTO3,4,11.27,5.85,3.27,,,
PIAX3,4,13.26,7.49,3.26,,,
PORA3,4,13.00,5.21,3.26,,,
FAMO2,2,15.60,3.60,3.25,,,
ALED3,5,12.43,6.60,3.24,,,
STPO2,3,10.56,2.76,3.23,,,
PIRO3,4,14.40,8.00,3.21,,,
TEGL3,3,12.94,5.18,3.21,,,
MILI1,3,5.64,1.61,3.19,,,
AESE1,4,26.20,9.50,3.19,,,
PIAX3,5,11.66,4.67,3.19,,,
KICO1,4,11.17,2.32,3.18,,,
MYLI3,1,12.16,1.77,3.18,,,
PLPO2,3,7.47,5.00,3.17,,,
CRFL1,1,11.16,4.20,3.17,,,
MYUM2,1,12.65,5.18,3.17,,,
CRFL1,2,15.25,4.77,3.16,,,
ASTO3,3,19.80,4.89,3.14,,,
SCVI1,1,8.50,1.46,3.14,,,
FAMO3,5,14.90,3.27,3.13,,,
TAGU1,5,10.64,3.87,3.12,,,
DUFU1,2,9.62,2.00,3.11,,,
ANCA3,5,15.40,4.37,3.11,,,
TAOC1,1,14.70,4.68,3.09,,,
PIRO3,3,12.10,7.80,3.08,,,
PIRO3,5,11.90,4.50,3.08,,,
GUVI2,3,12.42,4.35,3.08,,,
ROMO3,4,10.39,1.68,3.07,,,
AESE3,1,37.50,15.00,3.07,,,
PIAX2,2,20.20,11.20,3.06,,,
ROMO2,3,17.70,9.99,3.06,,,
GOBA3,3,8.24,6.37,3.06,,,
BYLA2,4,14.80,6.01,3.06,,,
NECU2,3,10.45,1.55,3.05,,,
SCVI1,4,11.05,1.52,3.04,,,
POTO1,1,15.80,8.50,3.03,,,
ANCA1,1,25.80,4.93,3.03,,,
CAGU2,1,9.37,3.77,3.02,,,
ERGR2,3,13.25,6.99,3.02,,,
PRHE2,5,10.36,2.57,3.01,,,
PORA2,2,16.80,6.80,3.01,,,
GUVI2,2,12.35,4.78,3.01,,,
GOBA2,2,8.96,1.38,3.00,,,
LUCA3,5,5.56,5.43,2.98,,,
TOFO2,3,13.64,7.00,2.96,,,
ERTO3,1,9.52,2.96,2.96,,,
DIBU2,5,14.86,5.03,2.95,,,
TAGU1,1,14.10,3.20,2.95,,,
ZETU3,3,22.00,8.80,2.95,,,
ERSU1,2,9.77,3.75,2.94,,,
ASTO2,2,12.99,4.37,2.94,,,
ZEMO2,5,8.08,3.31,2.93,,,
ANCA2,1,19.70,4.35,2.93,,,
AEVE2,3,14.26,3.19,2.92,,,
MYLI2,4,14.25,0.79,2.91,,,
BARU3,3,15.40,13.50,2.90,,,
CUVE2,3,9.19,2.53,2.89,,,
ANCR3,4,9.83,6.44,2.89,,,
CABR3,1,9.19,3.88,2.88,,,
KICO3,5,11.50,2.16,2.88,,,
LUCA2,5,12.19,5.77,2.88,,,
POTO2,2,15.30,5.58,2.87,,,
LUGR2,5,13.62,9.42,2.87,,,
PLPO1,2,6.87,3.80,2.86,,,
ZIMO1,2,13.67,3.84,2.86,,,
PLPO1,4,5.02,4.33,2.85,,,
AMIN2,3,9.20,3.50,2.85,,,
VOTU2,2,7.40,2.07,2.85,,,
AESE3,4,32.80,7.50,2.85,,,
QUGR3,5,13.15,5.99,2.84,,,
SYRE2,4,8.16,3.52,2.84,,,
MYLI3,2,10.85,2.39,2.84,,,
DUFU2,2,10.70,4.68,2.83,,,
VOTU2,2,11.17,3.02,2.83,,,
ERSU1,3,9.45,2.96,2.82,,,
KICO2,1,16.00,4.50,2.82,,,
PORA1,5,11.92,4.68,2.82,,,
STPO2,5,10.52,4.10,2.81,,,
LUCA3,1,9.87,1.47,2.81,,,
TAAU3,3,11.20,5.40,2.80,,,
ROMO1,1,12.80,5.23,2.80,,,
GUNI1,3,13.10,3.50,2.80,,,
ANCA2,2,19.80,3.83,2.80,,,
OUSP1,4,11.80,5.47,2.79,,,
ANCR3,2,8.45,4.57,2.79,,,
KICO1,1,19.00,4.38,2.78,,,
LUCA2,2,9.47,5.19,2.78,,,
OCMI2,5,9.25,1.95,2.78,,,
ZIMO1,5,18.30,2.29,2.77,,,
AEVE3,4,17.40,6.40,2.76,,,
MYLI1,1,11.53,3.78,2.76,,,
GOBA3,4,7.88,4.38,2.76,,,
TAAU4,4,19.10,6.20,2.75,,,
TOFO2,2,12.21,5.50,2.74,,,
GOBA3,1,9.12,4.78,2.74,,,
LUCA2,4,8.08,5.54,2.73,,,
TOFO1,1,9.50,5.53,2.72,,,
AEVE2,5,13.76,6.68,2.72,,,
SYPU3,1,8.51,3.83,2.71,,,
OUSP2,5,9.23,4.31,2.70,,,
FAMO2,5,14.15,5.29,2.70,,,
KICO1,5,13.48,2.31,2.69,,,
AESE2,4,24.30,3.83,2.69,,,
KICO3,3,11.98,3.27,2.68,,,
TOFO3,4,12.43,3.66,2.67,,,
PORA1,4,11.19,5.15,2.67,,,
ROMO2,4,19.50,5.08,2.66,,,
LUGR2,4,13.06,10.28,2.66,,,
POTO3,3,13.45,6.49,2.65,,,
CABR2,3,8.90,3.91,2.64,,,
SYPU2,3,8.56,2.55,2.64,,,
PORA2,5,13.22,5.14,2.64,,,
LUGR2,1,10.34,7.77,2.64,,,
GUNI1,1,14.00,4.20,2.63,,,
MYUM2,2,12.67,3.54,2.63,,,
KICO1,3,13.30,2.20,2.62,,,
OUSP1,2,11.57,4.55,2.62,,,
ASTO4,4,13.81,4.18,2.61,,,
TOFO2,5,9.90,8.23,2.61,,,
AMIN3,4,10.39,1.99,2.61,,,
LUCA1,3,10.84,4.33,2.61,,,
SIGU3,3,13.86,4.93,2.60,,,
SYPU2,5,10.84,3.09,2.60,,,
AEVE2,2,12.15,4.66,2.60,,,
FAMO2,4,14.07,5.43,2.60,,,
ERTO1,5,10.20,1.24,2.59,,,
FAMO2,3,11.55,3.58,2.59,,,
GOPO2,1,10.50,2.38,2.58,,,
GOBA3,2,11.93,8.69,2.58,,,
OUSP1,1,12.34,6.42,2.58,,,
LUGR1,2,13.07,7.62,2.57,,,
AEVE2,4,12.56,5.35,2.57,,,
LAHA2,3,11.36,3.77,2.57,,,
PRHE1,2,12.26,2.09,2.56,,,
PIRO3,2,12.70,6.20,2.55,,,
STFE1,5,8.74,4.21,2.55,,,
ERSU1,1,9.37,3.50,2.54,,,
CABR2,4,7.74,4.22,2.54,,,
ASTO2,2,14.18,6.12,2.54,,,
MYTO2,2,9.30,2.31,2.53,,,
SYPU2,2,12.22,2.36,2.51,,,
RALA1,1,5.03,1.00,2.51,,,
ASTO3,1,15.00,6.60,2.50,,,
TAOC1,2,17.50,6.50,2.50,,,
ALED1,2,12.12,6.56,2.50,,,
ASTO2,4,15.10,5.59,2.50,,,
TAAU3,5,15.40,2.80,2.50,,,
MYLI3,3,14.07,3.17,2.50,,,
KICO2,3,16.80,4.50,2.49,,,
MIAL3,4,8.27,3.18,2.49,,,
SIGU1,5,10.40,4.70,2.48,,,
MYLI2,1,10.35,1.83,2.48,,,
OUSP3,4,9.96,6.05,2.48,,,
MYGU1,3,11.46,6.30,2.47,,,
TOAC3,3,14.25,2.69,2.47,,,
ERGR1,5,11.51,4.56,2.47,,,
ANCA2,4,19.00,4.04,2.47,,,
ERGR3,1,8.96,3.20,2.46,,,
GUNI3,3,11.70,3.72,2.46,,,
CABR1,5,11.08,7.47,2.45,,,
NECU2,2,10.58,2.47,2.45,,,
SCVI3,3,13.18,1.35,2.45,,,
VOTU2,1,9.08,3.22,2.44,,,
TAGU2,3,13.71,3.94,2.44,,,
AMIN3,3,13.25,2.83,2.44,,,
MYGU2,4,10.73,5.30,2.44,,,
ERGR1,4,12.33,5.11,2.44,,,
QUMU3,5,14.35,4.35,2.43,,,
DIBU1,4,15.00,4.33,2.42,,,
MYLI1,3,15.23,4.53,2.41,,,
ERSU2,4,9.06,3.51,2.41,,,
CAAD3,4,7.11,1.26,2.41,,,
CAGU3,3,9.06,2.83,2.41,,,
ZETU2,4,21.00,10.50,2.40,,,
BARU2,1,10.60,7.18,2.40,,,
QUGR1,4,15.00,4.80,2.39,,,
ERGR2,4,9.91,5.24,2.39,,,
ERSU3,5,8.37,3.10,2.38,,,
ROMO2,5,18.30,9.64,2.38,,,
FAMO3,3,11.27,2.91,2.38,,,
MYLI1,2,14.09,4.21,2.37,,,
GOPO1,3,12.75,4.28,2.36,,,
SIGU3,2,12.67,2.52,2.36,,,
TAOC2,2,12.14,2.55,2.36,,,
TEGL2,2,8.66,3.62,2.36,,,
LUCA1,4,9.07,4.42,2.36,,,
ALED1,4,9.69,6.89,2.33,,,
ZEMO3,4,8.83,2.90,2.33,,,
ZIMO1,1,11.33,2.97,2.32,,,
AEVE3,2,14.40,4.30,2.32,,,
DUFU2,5,8.73,3.61,2.32,,,
TOAC3,4,14.57,2.78,2.32,,,
AMIN3,5,15.35,6.41,2.32,,,
FAMO3,4,15.10,5.35,2.31,,,
LAHA3,3,15.49,3.70,2.31,,,
LUCA3,3,11.39,5.57,2.31,,,
AEVE3,1,17.80,6.20,2.29,,,
ROMO1,3,15.10,7.80,2.29,,,
QUGR1,2,12.50,5.30,2.29,,,
STCA1,4,11.46,4.21,2.29,,,
ASTO5,5,11.20,5.16,2.28,,,
TOFO1,3,15.40,8.90,2.27,,,
NECU1,3,14.22,4.07,2.27,,,
QUGR1,1,12.95,4.04,2.27,,,
LAHA3,4,11.46,1.71,2.27,,,
ERTO3,4,12.03,3.14,2.27,,,
MAGU3,5,6.97,2.89,2.26,,,
ALED2,5,10.55,4.07,2.26,,,
STPO2,2,15.58,2.65,2.26,,,
ZEMO2,3,19.00,2.39,2.25,,,
TAGU2,5,8.45,2.34,2.24,,,
NECU3,1,20.00,3.16,2.24,,,
PRHE3,3,7.50,3.18,2.24,,,
TOFO1,4,10.70,5.40,2.23,,,
ERTO1,1,15.30,2.13,2.23,,,
SIGU3,2,16.30,5.98,2.23,,,
POTO2,4,12.07,3.87,2.23,,,
ZIMO1,4,13.82,2.72,2.22,,,
GOBA1,3,13.38,2.67,2.22,,,
LUGR1,5,9.16,6.96,2.22,,,
ERGR2,2,12.35,5.67,2.22,,,
OCCO1,5,8.08,1.01,2.21,,,
SYRE2,5,8.17,3.20,2.21,,,
GUNI2,1,10.69,2.30,2.21,,,
DUFU2,4,12.86,4.83,2.20,,,
MISE1,4,9.73,3.14,2.20,,,
ERSU1,4,8.09,2.60,2.19,,,
AMIN2,2,12.26,4.98,2.19,,,
TAGU3,2,7.75,2.32,2.19,,,
BYLA1,2,12.39,4.00,2.19,,,
OCMI3,1,9.60,3.07,2.19,,,
AMIN1,1,16.20,5.24,2.18,,,
ERTO2,5,10.97,2.41,2.18,,,
TAGU3,4,9.15,2.01,2.18,,,
GUVI1,2,17.00,6.40,2.18,,,
BARU3,4,9.78,9.65,2.17,,,
QUMU1,5,10.40,3.40,2.15,,,
MIAL2,2,7.41,5.04,2.15,,,
ALED1,1,12.65,4.71,2.15,,,
CUVE1,3,12.81,3.70,2.14,,,
GOPO1,5,16.70,1.65,2.14,,,
MISE1,5,9.19,2.89,2.14,,,
ANCR2,2,10.68,5.55,2.14,,,
CAGU3,4,9.09,2.75,2.14,,,
BYLA3,1,10.08,3.32,2.14,,,
MISE2,4,8.86,2.31,2.14,,,
AESE1,3,28.80,9.50,2.13,,,
ERDE1,4,10.17,3.18,2.13,,,
MYTO2,3,9.34,5.37,2.13,,,
PIRO2,5,15.80,8.76,2.13,,,
MYFE1,2,8.72,1.36,2.13,,,
LUCA2,1,8.07,3.76,2.13,,,
CAGU1,2,6.63,3.32,2.12,,,
LUGR1,1,14.36,7.91,2.12,,,
KICO3,2,16.20,5.38,2.12,,,
MISE3,5,7.41,2.17,2.12,,,
MILI1,1,5.38,1.94,2.11,,,
GOBA2,4,10.03,9.13,2.11,,,
TAOC2,3,11.15,4.77,2.10,,,
SYPU2,4,7.94,3.21,2.10,,,
NECU3,2,19.40,3.22,2.10,,,
TAAU5,5,9.70,4.60,2.09,,,
KICO2,5,18.10,5.30,2.09,,,
PRHE3,4,10.82,3.84,2.09,,,
OCPU1,5,8.08,3.48,2.09,,,
PLPO3,4,7.80,6.07,2.08,,,
TAOC2,1,10.10,2.40,2.07,,,
NECU2,5,12.68,4.74,2.07,,,
ERSU3,4,8.50,3.47,2.06,,,
STPO1,5,7.88,1.92,2.06,,,
TEGL3,5,11.63,4.25,2.06,,,
PEOB3,3,5.78,3.27,2.05,,,
MYLI2,5,15.16,3.04,2.05,,,
MYUM2,3,12.08,3.79,2.05,,,
TAOC2,4,15.60,2.43,2.04,,,
OUSP2,4,9.66,4.38,2.04,,,
GUNI1,4,12.20,3.70,2.03,,,
GOBA3,5,9.60,3.36,2.03,,,
PRHE3,2,13.70,3.90,2.03,,,
ANCA1,3,15.70,2.65,2.03,,,
ANCA1,4,20.00,4.72,2.03,,,
FAMO1,4,14.33,4.43,2.03,,,
DAFA1,3,20.80,1.82,2.03,,,
TOAC3,5,10.83,2.32,2.00,,,
LUGR1,3,8.17,6.89,2.00,,,
POTO2,1,18.90,7.90,1.99,,,
ERSU2,5,9.85,4.05,1.99,,,
MYLI2,2,8.33,0.77,1.99,,,
LAHA1,3,9.23,3.03,1.99,,,
GOBA1,2,11.97,2.95,1.98,,,
ERSU2,1,8.72,3.24,1.98,,,
ALED2,3,9.44,3.48,1.98,,,
ANCA3,2,16.80,4.01,1.98,,,
NECU1,4,14.38,3.42,1.97,,,
DAFA1,1,14.50,1.05,1.97,,,
BYLA3,3,10.99,2.69,1.97,,,
MYFE1,3,10.02,1.22,1.97,,,
LUGR3,2,9.45,5.87,1.97,,,
MITO1,1,9.15,3.55,1.96,,,
QUGR3,3,17.80,6.75,1.96,,,
OCPU1,1,9.18,4.26,1.96,,,
MYFE1,4,10.37,0.82,1.96,,,
SIGU3,1,11.89,7.16,1.95,,,
NECU3,3,19.00,2.73,1.95,,,
CAGU2,3,8.94,3.24,1.95,,,
LAHA3,5,12.20,3.16,1.95,,,
STCA3,1,10.28,2.95,1.95,,,
TAGU1,3,10.49,3.32,1.94,,,
ERSU3,3,8.10,3.81,1.94,,,
ERSU3,2,8.33,3.95,1.93,,,
MYTO3,3,7.36,3.48,1.93,,,
DAFA2,1,14.22,1.60,1.93,,,
OCMI3,5,11.93,3.10,1.93,,,
ERTO2,3,13.56,2.78,1.92,,,
CUVE3,2,10.70,4.08,1.92,,,
XYAR3,4,7.65,0.88,1.92,,,
MAGU3,4,5.67,2.82,1.91,,,
CAGU2,2,8.80,2.89,1.91,,,
MYGU1,4,10.69,6.72,1.90,,,
GOPO3,4,12.10,4.08,1.90,,,
TACA3,2,10.06,1.75,1.90,,,
SIGU5,4,10.60,4.47,1.89,,,
PORA3,1,18.30,5.14,1.89,,,
NECU1,1,10.53,2.93,1.88,,,
TAOC2,5,12.15,2.01,1.88,,,
MIAL2,5,9.89,4.71,1.88,,,
CASYf1,4,8.80,1.52,1.87,,,
MAAC2,3,7.72,1.93,1.87,,,
BARU1,2,11.11,10.32,1.87,,,
GOPO3,2,8.99,3.20,1.85,,,
PRHE1,3,15.10,3.88,1.85,,,
LUGR3,3,10.54,7.12,1.85,,,
GOPO1,4,13.43,2.39,1.84,,,
SCVI1,2,11.75,3.29,1.84,,,
ERTO2,4,12.45,2.79,1.84,,,
XYAR3,2,10.84,2.82,1.84,,,
KICO2,2,16.10,6.10,1.83,,,
CAAD3,2,8.74,1.99,1.83,,,
ZEMO3,1,9.73,2.17,1.83,,,
GUNI2,4,8.66,1.82,1.83,,,
STPO3,4,11.70,3.93,1.83,,,
DUFU1,5,8.31,3.23,1.82,,,
MYUM2,4,11.03,3.76,1.82,,,
BARU1,3,11.12,10.60,1.82,,,
KICO1,2,12.98,2.31,1.81,,,
VOTU1,4,7.54,1.27,1.81,,,
TAGU2,4,8.73,2.60,1.81,,,
STCA2,1,9.28,3.96,1.81,,,
AEVE3,3,16.00,5.50,1.80,,,
SCVI1,5,12.60,2.55,1.80,,,
TOAC3,2,11.68,2.59,1.80,,,
TOFO2,1,11.83,6.34,1.80,,,
ASTO2,5,12.09,5.96,1.80,,,
STPO1,2,7.47,2.69,1.80,,,
ANCA2,3,19.40,3.57,1.80,,,
STCA1,3,9.21,3.69,1.80,,,
CUVE3,5,14.57,4.22,1.79,,,
LAHA3,2,12.66,2.65,1.79,,,
CASYf1,3,7.37,1.99,1.78,,,
ALED1,5,11.03,5.09,1.78,,, 
ALED2,2,12.30,4.43,1.78,,,
BYLA2,3,11.68,4.87,1.78,,,
ANCA3,3,18.30,5.30,1.78,,,
GOPO1,2,14.21,2.80,1.77,,,
MIAL1,1,9.78,4.04,1.77,,,
AMIN2,5,12.18,4.10,1.77,,,
PRHE2,3,10.43,4.00,1.77,,,
ERSU3,1,8.59,3.78,1.77,,,
CUVE3,3,10.07,4.00,1.77,,,
STPO3,3,9.81,1.88,1.77,,,
LUCA1,1,12.87,6.99,1.77,,,
PEOB1,1,6.61,4.08,1.76,,,
TAGU3,3,10.35,3.29,1.76,,,
NECU3,4,17.80,2.91,1.76,,,
MYFE3,3,9.61,2.10,1.76,,,
CASYf1,5,5.90,2.02,1.75,,,
OCCO1,1,9.25,1.83,1.75,,,
OCCO2,3,7.40,2.16,1.75,,,
GUNI1,5,11.00,4.20,1.75,,,
GOPO2,2,10.43,4.70,1.75,,,
ERDE3,1,8.09,2.65,1.75,,,
ASTO2,3,10.73,5.05,1.75,,,
MYUM3,3,18.10,6.40,1.75,,,
ANCA2,5,15.00,2.52,1.75,,,
PLPO1,1,9.29,5.63,1.74,,,
TAOC1,3,13.20,3.80,1.74,,,
PEOB1,3,8.90,3.89,1.74,,,
PLPO3,5,5.47,4.70,1.74,,,
POTO4,4,20.80,9.60,1.73,,,
OCCO3,4,7.72,2.74,1.73,,,
SYRE1,1,9.52,2.77,1.73,,,
OUSP2,2,9.97,4.60,1.73,,,
STPO2,1,9.61,2.50,1.73,,,
BYLA2,1,10.33,4.51,1.73,,,
FAMO3,2,15.00,5.73,1.73,,,
DAFA1,5,8.35,1.69,1.73,,,
TACA1,3,8.51,1.57,1.72,,,
VOTU1,3,8.65,1.51,1.72,,,
MIAL2,3,9.37,3.94,1.72,,,
CRFL2,2,8.76,3.60,1.72,,,
TACA1,2,10.56,1.17,1.70,,,
CAGU3,1,10.28,3.71,1.70,,,
MYUM3,1,16.90,6.00,1.69,,,
LAHA2,5,9.16,3.57,1.69,,,
STPO3,5,10.63,2.78,1.69,,,
MYFE2,5,10.71,2.53,1.69,,,
TAOC1,5,11.70,1.93,1.68,,,
QUMU1,2,10.26,3.18,1.68,,,
CUVE3,1,11.25,4.35,1.68,,,
PORA2,3,15.02,5.77,1.68,,,
STPO3,2,10.78,3.91,1.68,,,
STCA3,4,11.01,3.55,1.68,,,
MAEL1,2,7.85,1.96,1.67,,,
PLPO1,5,7.56,4.70,1.67,,,
BALO1,3,12.27,4.11,1.67,,,
MYFE3,2,9.47,1.41,1.67,,,
CAAD3,1,8.85,3.01,1.66,,,
ZEMO3,2,13.80,3.46,1.66,,,
DAFA1,4,12.21,1.65,1.66,,,
ERTO3,2,11.36,2.83,1.66,,,
BALO1,5,9.34,6.46,1.66,,,
POTO5,5,23.50,10.80,1.65,,,
MIAL1,4,12.25,5.50,1.65,,,
PRHE1,5,12.14,1.75,1.65,,,
DUFU3,1,12.79,4.79,1.65,,,
LAHA1,1,7.89,3.05,1.65,,,
SYPU3,4,9.07,3.92,1.65,,,
ERTO3,5,10.98,1.85,1.65,,,
DAFA2,2,8.44,0.58,1.65,,,
GUNI3,5,8.39,2.24,1.65,,,
TEGL2,5,8.63,3.77,1.64,,,
PRHE1,1,12.60,1.80,1.64,,,
ANCR1,2,7.05,3.63,1.64,,,
MYTO2,4,9.82,3.13,1.63,,,
CABR3,5,11.21,7.49,1.63,,,
TAAU3,3,10.21,3.06,1.63,,,
BARU2,2,8.45,7.45,1.63,,,
MYUM3,4,14.30,4.60,1.63,,,
LUGR3,5,10.47,7.11,1.63,,,
SIGU3,5,12.91,6.52,1.62,,,
QUGR3,2,10.15,7.09,1.62,,,
KICO3,4,11.23,4.07,1.62,,,
ANCR2,3,11.71,5.96,1.62,,,
GOBA1,4,11.88,5.00,1.61,,,
SIGU3,4,9.90,6.16,1.61,,,
PIAX3,3,18.30,7.80,1.61,,,
QUMU3,2,9.56,2.80,1.61,,,
FAMO3,1,12.73,3.31,1.61,,,
SIGU1,4,13.00,4.60,1.60,,,
MISE1,3,8.30,2.41,1.60,,,
ERGR3,3,7.39,3.58,1.60,,,
MYGU1,1,11.26,6.38,1.59,,,
DIBU1,1,11.71,7.88,1.59,,,
PORA1,3,12.41,4.47,1.59,,,
OUSP2,3,9.71,4.69,1.59,,,
ANCA1,5,16.30,4.06,1.58,,,
FAMO1,1,8.75,3.10,1.58,,,
CAGU3,5,9.40,3.79,1.58,,,
OCCO2,1,9.30,1.91,1.57,,,
MIAL1,3,8.35,3.42,1.57,,,
CUVE2,5,14.67,3.46,1.57,,,
CAGU1,3,10.27,3.46,1.57,,,
BYLA1,3,10.83,2.94,1.57,,,
ANCR2,1,9.52,4.34,1.57,,,
ANCR2,5,11.22,6.11,1.57,,,
SYRE3,5,8.33,3.20,1.57,,,
NECU1,2,13.78,3.02,1.56,,,
PRHE1,4,15.06,2.47,1.56,,,
STCA1,2,10.78,2.29,1.56,,,
STCA2,5,9.40,3.38,1.56,,,
OCMI1,3,10.23,3.10,1.56,,,
GOBA1,5,10.50,1.09,1.55,,,
GUNI1,2,12.40,3.00,1.55,,,
GOBA2,3,10.43,5.83,1.55,,,
ERDE1,5,9.80,3.32,1.55,,,
CASYf3,4,7.50,2.08,1.55,,,
ERDE3,4,6.40,3.01,1.54,,,
CAGU1,1,8.39,4.58,1.54,,,
MYTO3,2,6.97,3.42,1.54,,,
PORA1,2,13.13,4.65,1.54,,,
GUNI2,2,8.12,1.78,1.54,,,
GUNI3,1,12.22,1.96,1.54,,,
BYLA2,5,11.18,3.98,1.53,,,
STCA2,3,7.63,1.74,1.53,,,
BYLA3,4,9.66,2.29,1.53,,,
NECU2,1,13.86,1.57,1.52,,,
HEAP1,2,6.54,1.84,1.52,,,
BARU3,2,10.77,10.48,1.52,,,
PRHE3,1,10.52,3.02,1.51,,,
OCPU1,4,6.35,3.85,1.51,,,
VOTU2,4,8.84,2.77,1.50,,,
CRFL2,1,7.74,4.15,1.50,,,
FAMO1,3,13.57,4.32,1.50,,,
ANCR1,1,9.73,5.68,1.50,,,
TEGL3,2,10.73,4.54,1.50,,,
MISE3,3,8.51,1.85,1.50,,,
XYAR3,5,12.14,2.42,1.50,,,
CASYf2,4,8.30,1.55,1.49,,,
MYTO2,5,7.77,2.93,1.49,,,
PRHE2,1,10.74,3.93,1.49,,,
MYUM3,5,12.30,3.80,1.49,,,
STCA1,1,10.97,5.05,1.49,,,
BALO2,5,9.40,6.94,1.49,,,
VOTU1,2,10.20,2.35,1.48,,,
QUMU1,4,9.93,1.48,1.48,,,
NECU3,5,17.50,1.53,1.48,,,
CABR3,3,7.55,6.30,1.48,,,
OUSP1,5,10.52,4.87,1.48,,,
OUSP2,1,8.67,3.63,1.48,,,
OCPU1,2,6.26,3.59,1.48,,,
STCA3,3,9.67,4.67,1.48,,,
GOBA2,1,10.70,2.93,1.47,,,
TEGL3,1,10.77,3.98,1.47,,,
MYGU1,2,9.79,3.87,1.46,,,
POTO3,3,16.50,7.30,1.46,,,
BARU1,1,12.96,10.82,1.46,,,
PRHE3,5,11.14,4.01,1.46,,,
OCCO1,3,7.66,1.87,1.45,,,
ERTO2,1,11.87,4.53,1.45,,,
CRFL2,4,7.71,2.91,1.45,,,
ANCR3,5,9.81,5.29,1.45,,,
SYPU2,1,7.67,2.59,1.44,,,
XYAR2,3,12.30,3.12,1.44,,,
XYAR2,5,10.84,2.89,1.44,,,
AEVE3,5,16.30,4.80,1.43,,,
QUMU1,1,8.25,3.10,1.43,,,
LAHA2,4,7.03,2.36,1.43,,,
SYRE2,1,8.82,3.53,1.43,,,
BARU3,5,7.55,7.83,1.43,,,
PRHE2,2,9.03,2.85,1.42,,,
MYUM1,2,9.97,2.88,1.42,,,
LAHA1,5,7.37,2.75,1.42,,,
QUMU3,1,8.23,1.92,1.42,,,
STCA1,5,8.64,1.34,1.42,,,
MISE2,1,6.46,2.57,1.42,,,
CASYf1,2,9.07,1.39,1.41,,,
VOTU1,5,10.55,2.59,1.41,,,
QUMU2,5,7.94,2.11,1.41,,,
MIAL1,2,7.17,3.47,1.41,,,
GOBA2,5,10.96,2.30,1.41,,,
CRFL2,5,8.96,6.35,1.41,,,
LUCA1,5,9.60,4.31,1.41,,,
STFE2,4,7.61,3.02,1.41,,,
CUVE1,4,7.53,2.93,1.40,,,
PEOB2,1,11.16,4.70,1.40,,,
STFE1,2,6.91,2.91,1.40,,,
BALO1,4,9.38,6.71,1.40,,,
MISE3,1,6.65,2.03,1.40,,,
CASYf2,3,8.78,2.48,1.39,,,
OCCO3,2,6.67,2.59,1.39,,,
ROMO3,3,11.34,2.58,1.39,,,
ANCA1,2,14.60,4.56,1.39,,,
ANCR2,4,9.72,4.37,1.39,,,
SYPU3,2,9.66,3.88,1.39,,,
CAAD2,5,7.23,1.91,1.38,,,
GOPO2,3,9.80,3.22,1.38,,,
PLPO3,1,9.24,5.88,1.38,,,
MISE3,2,10.41,2.61,1.38,,,
QUMU2,1,9.80,3.70,1.37,,,
AMIN1,3,11.00,3.07,1.37,,,
DUFU2,3,14.01,4.53,1.37,,,
OCMI2,1,12.42,2.62,1.37,,,
TAOC1,4,11.20,3.52,1.36,,,
MYGU2,5,11.11,5.67,1.35,,,
MYTO3,1,7.87,3.00,1.35,,,
OCPU2,4,5.36,1.71,1.35,,,
MAAC2,5,6.99,1.25,1.34,,,
STPO1,1,9.78,3.29,1.34,,,
BYLA1,4,12.96,3.90,1.34,,,
CAAD2,2,7.03,2.11,1.33,,,
AMIN2,4,10.54,4.49,1.33,,,
MYTO2,1,10.75,3.60,1.33,,,
MISE1,2,9.63,3.42,1.33,,,
ANCR1,3,10.49,6.02,1.33,,,
OUSP1,3,11.11,4.91,1.33,,,
PORA2,1,15.20,5.80,1.33,,,
TACA3,3,8.94,2.14,1.32,,,
DUFU3,2,11.46,3.76,1.32,,,
CABR3,2,11.35,7.81,1.32,,,
ALED2,1,10.19,2.44,1.32,,,
ANCR3,1,10.18,5.08,1.32,,,
SYPU3,5,9.68,3.49,1.32,,,
GUNI3,4,9.86,2.75,1.32,,,
VOTU2,5,8.95,2.78,1.31,,,
CASYs2,1,5.48,1.55,1.31,,,
BYLA2,2,10.12,3.95,1.31,,,
LAHA2,1,8.08,2.47,1.31,,,
OUSP3,3,10.46,4.48,1.31,,,
SYRE3,1,8.04,3.07,1.31,,,
BALO2,4,9.30,7.16,1.31,,,
TACA1,5,7.84,1.87,1.30,,,
OCCO2,2,7.36,1.76,1.30,,,
BYLA3,5,10.54,4.10,1.30,,,
MILI3,5,5.89,1.68,1.30,,,
MAAC2,1,8.74,2.70,1.29,,,
MAAC2,2,7.75,1.49,1.29,,,
MABR2,1,5.83,1.49,1.29,,,
CASYs1,3,8.34,1.81,1.29,,,
MYLI2,3,2.70,2.85,1.29,,,
XYAR2,1,11.84,2.83,1.29,,,
DAFA2,3,13.62,1.97,1.29,,,
TACA1,1,11.14,1.17,1.28,,,
GOPO2,4,10.40,2.46,1.28,,,
OCCO3,3,5.94,2.03,1.28,,,
ALED1,3,13.38,6.27,1.28,,,
BARU2,3,8.37,7.44,1.28,,,
LAHA3,1,8.82,2.22,1.28,,,
TOAC3,1,10.07,1.41,1.26,,,
MABR3,2,6.30,3.09,1.26,,,
SYRE2,3,9.09,2.50,1.26,,,
OUSP3,1,8.21,4.92,1.26,,,
MYFE1,1,11.71,1.68,1.26,,,
SYRE3,2,8.23,1.98,1.26,,,
LEEL2,3,6.00,2.65,1.25,,,
LEEL3,2,5.02,2.57,1.25,,,
QUMU1,3,9.27,3.19,1.25,,,
PEOB2,2,10.14,4.42,1.25,,,
STPO1,3,8.39,3.89,1.25,,,
SYRE1,5,10.01,3.08,1.25,,,
DARA2,5,10.11,1.66,1.25,,,
GOBA1,1,11.61,2.15,1.24,,,
MAGU1,4,6.07,2.50,1.24,,,
CAAD1,3,6.99,1.49,1.23,,,
MILI1,4,6.20,3.13,1.23,,,
SYPU1,1,9.29,2.66,1.23,,,
POTO2,5,14.89,5.73,1.23,,,
OCCO3,1,9.74,1.07,1.23,,,
RALA3,4,5.97,0.33,1.23,,,
GUNI3,2,8.89,2.75,1.23,,,
CASYf2,5,8.41,1.88,1.22,,,
MAEL2,5,7.66,1.87,1.22,,,
OCCO3,5,7.99,1.73,1.22,,,
TEGL3,4,9.87,3.94,1.22,,,
MAAC2,4,8.63,2.41,1.21,,,
MIAL2,4,7.27,3.64,1.21,,,
CAAD3,5,6.25,2.37,1.21,,,
MAAC1,1,7.09,1.67,1.21,,,
SYPU3,3,9.13,2.95,1.21,,,
SYRE3,4,8.61,3.01,1.21,,,
OCMI3,2,9.91,3.36,1.21,,,
PLPO1,3,6.73,4.35,1.20,,,
VOTU2,1,9.95,3.61,1.20,,,
CAGU1,5,9.90,4.09,1.20,,,
BARU2,5,9.75,7.69,1.20,,,
PORA2,4,11.41,4.35,1.20,,,
LAHA2,2,10.14,2.38,1.20,,,
BALO3,4,6.61,5.23,1.20,,,
GOPO2,5,11.20,2.74,1.19,,,
SCVI3,2,13.80,1.32,1.19,,,
QUMU3,4,6.21,2.23,1.19,,,
SYRE1,3,6.76,2.44,1.19,,,
RALA1,3,3.80,0.69,1.19,,,
BYLA3,2,11.86,4.18,1.19,,,
ERGR3,5,9.72,2.92,1.19,,,
BALO3,1,8.53,6.16,1.19,,,
GOPO3,5,11.00,2.84,1.18,,,
CASYs3,4,6.40,1.35,1.18,,,
DARA1,5,12.64,3.11,1.18,,,
LEEL3,3,6.58,2.33,1.17,,,
MIAL3,2,7.41,3.26,1.17,,,
TAGU2,1,6.37,3.31,1.17,,,
PEOB3,2,5.63,2.56,1.17,,,
CUVE3,4,12.96,3.80,1.17,,,
STCA2,2,8.85,3.16,1.17,,,
VOTU2,3,10.27,3.01,1.16,,,
SCVI2,4,12.62,3.72,1.16,,,
MYGU3,5,7.87,1.74,1.16,,,
MYMU2,4,4.85,2.93,1.16,,,
STFE1,1,6.96,2.03,1.16,,,
MAGU1,1,6.66,2.11,1.15,,,
QUMU3,3,9.51,2.71,1.15,,,
DAFA1,2,14.61,1.71,1.15,,,
CAAD3,3,7.19,1.39,1.14,,,
XYAR2,2,11.85,2.89,1.14,,,
MISE3,4,8.86,2.42,1.14,,,
GOPO1,1,10.50,1.69,1.13,,,
CAAD1,2,8.20,1.67,1.13,,,
SIGU1,3,13.50,4.60,1.13,,,
DUFU1,4,10.71,3.57,1.13,,,
CASYf3,5,7.48,1.49,1.13,,,
CUVE2,2,13.56,3.48,1.13,,,
SCVI2,3,10.34,2.35,1.13,,,
CAGU2,4,10.50,4.06,1.13,,,
XYAR1,1,9.25,2.24,1.13,,,
ERGR2,1,9.78,3.06,1.13,,,
ERSU1,5,9.09,3.03,1.12,,,
TACA2,4,7.49,0.85,1.12,,,
BARU1,5,10.25,7.19,1.12,,,
BYIN1,4,5.59,3.00,1.12,,,
DAFA3,1,7.89,1.75,1.12,,,
BALO2,2,6.15,6.34,1.12,,,
MIAL3,3,8.70,3.22,1.11,,,
BYIN2,3,6.10,2.30,1.11,,,
SYRE3,3,7.96,3.34,1.11,,,
XYAR3,1,12.24,3.09,1.11,,,
XYAR3,3,9.02,1.79,1.11,,,
OCCO1,4,5.76,0.74,1.10,,,
HEAP1,1,7.02,1.78,1.10,,,
PRHE2,4,8.55,2.47,1.10,,,
MAEL2,2,7.43,1.95,1.10,,,
MYLI3,5,11.58,3.12,1.10,,,
CHLA1,5,7.54,1.36,1.10,,,
MYFE3,1,6.63,1.11,1.10,,,
LEEL2,1,7.68,3.93,1.09,,,
MAEL1,3,7.34,0.86,1.09,,,
MAAC3,3,6.36,1.47,1.09,,,
GOPO3,3,10.50,4.02,1.09,,,
VOTU2,5,10.40,3.76,1.09,,,
LEEL3,1,7.42,3.20,1.08,,,
MAGU2,5,6.66,2.14,1.08,,,
MAAC1,2,6.21,1.73,1.08,,,
STCA3,2,10.99,4.86,1.08,,,
LEEL2,4,7.33,2.51,1.07,,,
CAAD1,1,6.61,1.86,1.07,,,
ERDE3,3,8.50,3.30,1.07,,,
CASYs2,2,6.50,1.16,1.07,,,
MAAC1,4,7.20,1.90,1.07,,,
XYAR1,2,11.01,2.92,1.07,,,
STFE2,1,6.79,3.82,1.07,,,
MAAC3,4,6.28,1.79,1.06,,,
MABR2,2,3.74,1.90,1.06,,,
MAGL3,3,8.93,0.83,1.06,,,
STFE1,4,8.26,2.01,1.06,,,
KICO2,4,16.80,5.40,1.05,,,
GOPO3,1,10.98,2.57,1.05,,,
TEGL2,4,9.42,3.51,1.05,,,
PEOB2,5,8.69,3.35,1.05,,,
MILI3,4,6.43,2.51,1.05,,,
MABR3,5,6.64,2.78,1.05,,,
MISE1,1,9.95,3.39,1.05,,,
ERGR2,5,7.09,2.94,1.05,,,
OUSP3,2,9.73,5.75,1.05,,,
OCPU3,4,4.70,1.46,1.05,,,
MILI3,3,7.19,2.77,1.04,,,
CASYs1,5,7.11,1.07,1.04,,,
MYGU2,2,11.00,5.47,1.04,,,
PLEL1,3,4.52,1.83,1.03,,,
CAAD2,3,5.99,2.02,1.03,,,
MIAL2,1,12.27,4.52,1.03,,,
PLEL1,5,5.07,1.87,1.02,,,
MITO1,3,7.16,3.21,1.02,,,
TEGL2,3,10.61,4.26,1.02,,,
HEAP1,5,8.26,1.77,1.02,,,
LUCA1,2,12.04,4.94,1.02,,,
VOTU2,3,10.15,2.97,1.01,,,
ZEMO2,1,14.79,2.73,1.01,,,
SCVI3,4,11.97,1.95,1.01,,,
SIGU4,3,9.64,4.63,1.00,,,
STCA3,5,9.95,4.08,1.00,,,
LEEL2,2,6.30,2.44,0.99,,,
PLEL1,1,5.18,1.90,0.99,,,
ERDE1,1,9.70,2.81,0.99,,,
CASYs1,1,8.09,1.99,0.99,,,
BARU1,4,11.05,11.04,0.99,,,
STFE2,3,7.52,4.33,0.99,,,
LEEL3,4,6.60,3.96,0.98,,,
CASYf2,2,6.62,1.22,0.98,,,
CASYs1,4,7.19,1.59,0.98,,,
SYRE2,2,9.75,3.60,0.98,,,
MYMU3,3,6.00,2.48,0.98,,,
CAAD2,4,5.89,1.98,0.97,,,
AMIN1,2,11.98,3.37,0.97,,,
DUFU3,5,12.39,3.87,0.97,,,
MYGU2,1,8.87,4.45,0.97,,,
MITO1,2,9.11,2.70,0.96,,,
CASYs2,4,7.00,1.09,0.96,,,
CASYs2,5,6.91,1.37,0.96,,,
MAAC1,3,5.80,1.53,0.96,,,
MYUM2,5,10.24,2.82,0.96,,,
BYLA1,1,12.73,4.85,0.96,,,
CHLA1,3,7.49,1.54,0.96,,,
DARA1,3,8.84,1.86,0.96,,,
TACA3,4,8.95,0.97,0.95,,,
CASYf3,3,8.13,1.26,0.95,,,
PEOB3,1,8.14,3.53,0.95,,,
MAGL3,1,8.59,1.06,0.95,,,
OCMI1,1,10.22,2.57,0.95,,,
DARA2,2,6.27,1.77,0.95,,,
TEGL2,1,8.85,3.92,0.94,,,
PEOB2,4,8.58,4.01,0.94,,,
CASYs3,3,5.04,1.18,0.94,,,
MYMU1,2,4.36,1.20,0.94,,,
STCA2,4,6.32,1.61,0.94,,,
PLPO2,2,6.15,3.47,0.93,,,
QUMU2,3,7.93,2.85,0.93,,,
MYUM1,1,10.14,2.92,0.93,,,
DAFA3,3,12.41,1.67,0.93,,,
AMIN2,1,10.39,3.71,0.92,,,
VOTU2,4,8.96,2.28,0.92,,,
CAGU1,4,10.58,3.99,0.92,,,
CASYs3,1,4.76,1.78,0.92,,,
BYLA1,5,13.55,4.81,0.92,,,
BALO1,2,9.14,7.71,0.92,,,
OCMI1,5,9.48,2.80,0.92,,,
DUFU3,3,13.44,4.12,0.91,,,
JACA3,5,2.40,0.40,0.91,,,
MAGU2,1,4.63,2.48,0.91,,,
OCMI1,4,9.52,2.07,0.91,,,
CHLA3,1,6.36,0.81,0.91,,,
MAAC3,2,6.86,1.53,0.90,,,
MYGU2,3,10.63,4.85,0.90,,,
LAHA1,2,7.02,2.98,0.90,,,
LEEL1,3,5.69,1.66,0.90,,,
STFE3,5,6.77,3.33,0.90,,,
BALO3,2,9.22,5.18,0.90,,,
SIGU2,1,10.12,3.59,0.89,,,
MIAL3,5,9.77,4.22,0.89,,,
MAGU1,3,6.47,2.08,0.89,,,
BYIN2,2,8.46,3.56,0.89,,,
OCMI2,3,8.96,2.42,0.89,,,
RALA3,1,5.37,1.47,0.89,,,
PLPO2,1,8.80,4.60,0.88,,,
PEOB1,5,7.60,3.75,0.88,,,
MYUM1,3,10.56,3.20,0.88,,,
MAGU1,5,6.53,2.40,0.88,,,
LEEL1,2,5.74,2.62,0.88,,,
LEEL1,4,5.27,2.40,0.88,,,
MYMU1,3,4.15,1.67,0.88,,,
BYIN2,1,7.48,2.50,0.88,,,
BALO3,3,6.18,5.32,0.88,,,
MABR2,5,4.93,2.00,0.87,,,
TACA3,1,7.57,0.93,0.87,,,
PEOB2,3,9.43,4.09,0.87,,,
COLA1,2,4.39,2.80,0.87,,,
MAGU2,4,5.26,2.63,0.87,,,
LAHA1,4,7.04,2.46,0.87,,,
MAGU3,1,5.23,2.77,0.87,,,
XYAR1,5,8.39,2.38,0.87,,,
MYMU2,5,6.56,3.36,0.87,,,
BYIN1,1,8.37,3.92,0.87,,,
GUNI2,5,7.57,1.79,0.87,,,
STFE1,3,7.87,2.33,0.87,,,
CHLA2,4,8.47,1.58,0.87,,,
OCCO1,2,7.43,2.62,0.86,,,
MAEL2,4,8.10,1.05,0.86,,,
MYUM1,5,8.35,2.26,0.86,,,
MYTO3,5,7.57,3.58,0.86,,,
CAGU2,5,9.72,3.87,0.86,,,
DARA1,4,8.47,1.73,0.86,,,
CAAD1,5,7.16,1.08,0.85,,,
SYPU1,3,9.81,3.82,0.85,,,
MAGU2,3,4.84,1.80,0.85,,,
SCVI2,2,11.42,2.47,0.85,,,
BALO2,1,7.82,5.96,0.85,,,
MIAL3,1,7.30,2.49,0.84,,,
SCVI3,1,11.70,0.97,0.84,,,
OUSP3,5,7.32,3.00,0.84,,,
RALA2,5,6.40,1.47,0.84,,,
OCMI2,2,9.37,2.91,0.84,,,
CAAD1,4,7.20,1.35,0.83,,,
CAAD2,1,8.93,3.88,0.83,,,
TACA2,5,8.55,0.98,0.83,,,
QUMU2,4,7.01,2.90,0.83,,,
CASYs2,3,4.43,1.06,0.83,,,
COLA3,3,6.85,3.40,0.83,,,
ANCR1,4,8.03,4.20,0.83,,,
BYIN3,3,7.73,2.42,0.83,,,
STFE3,4,7.29,2.87,0.83,,,
MAEL1,1,9.71,0.99,0.82,,,
PLEL1,2,5.28,1.91,0.82,,,
SYPU1,5,9.13,3.25,0.82,,,
HEAP1,3,6.05,1.89,0.82,,,
BYIN3,5,10.99,5.24,0.82,,,
MYFE2,4,9.00,2.26,0.82,,,
MITO1,4,6.91,2.68,0.81,,,
DUFU1,1,10.96,4.26,0.81,,,
PLPO3,3,8.64,4.39,0.81,,,
MAGU2,2,4.53,2.76,0.81,,,
MYGU3,4,5.65,2.73,0.81,,,
LEEL1,1,5.67,2.26,0.81,,,
ERTO3,3,9.04,3.25,0.81,,,
PLEL1,4,4.78,1.92,0.80,,,
MYTO3,4,8.71,3.58,0.80,,,
LEEL1,5,5.67,2.14,0.80,,,
MISE2,3,7.52,3.55,0.80,,,
CASYf1,1,9.25,1.78,0.79,,,
MITO1,5,7.51,1.93,0.79,,,
MAEL2,3,6.32,1.13,0.79,,,
MYGU3,2,5.82,2.85,0.79,,,
OCMI1,2,9.16,2.17,0.79,,,
RALA3,3,8.41,1.43,0.79,,,
MAGL3,2,5.74,0.95,0.78,,,
XYAR2,4,12.76,3.20,0.78,,,
MILI3,3,4.38,1.61,0.78,,,
DAFA3,2,10.84,1.39,0.78,,,
DARA3,1,7.04,1.47,0.78,,,
HEAP1,4,7.08,1.68,0.77,,,
JACA1,1,2.80,1.22,0.77,,,
MISE2,5,10.49,3.05,0.77,,,
MYMU3,5,4.47,1.73,0.77,,,
STFE3,1,7.67,3.16,0.77,,,
TACA1,4,8.57,0.97,0.76,,,
JACA3,4,2.25,0.27,0.76,,,
MAGL3,5,6.33,0.97,0.76,,,
MAGU3,2,7.94,2.80,0.76,,,
BYIN3,4,7.76,3.13,0.76,,,
OCPU3,2,5.65,2.27,0.76,,,
TACA2,3,8.96,1.24,0.75,,,
SIGU6,5,10.80,4.42,0.75,,,
MILI3,2,5.24,2.38,0.75,,,
STPO1,4,8.27,3.41,0.75,,,
XYAR1,4,10.39,2.78,0.75,,,
MAEL1,4,6.57,0.92,0.74,,,
MAAC3,5,6.92,1.55,0.74,,,
MIAL1,5,11.63,4.90,0.74,,,
PEOB1,2,7.99,4.34,0.74,,,
MYFE3,5,7.77,2.11,0.74,,,
CASYf3,2,7.97,2.05,0.73,,,
MILI3,1,7.27,2.38,0.73,,,
STFE2,2,7.00,3.69,0.73,,,
STFE2,5,5.69,2.43,0.73,,,
OCMI3,3,11.33,3.12,0.73,,,
SYPU1,4,8.40,2.77,0.72,,,
CASYf3,1,7.61,1.85,0.72,,,
MABR3,3,7.56,2.65,0.72,,,
MAEL2,1,7.11,1.30,0.72,,,
MAGU1,2,5.28,2.55,0.72,,,
MAGL3,4,5.52,1.06,0.72,,,
MYMU3,2,5.36,2.16,0.72,,,
MAAC3,1,7.81,2.51,0.70,,,
PLPO2,4,7.63,3.98,0.70,,,
COLA2,4,5.11,2.69,0.70,,,
CAGU3,2,7.70,2.98,0.70,,,
MYMU2,3,6.01,2.25,0.70,,,
OCPU2,3,4.45,2.00,0.70,,,
MISE2,2,7.65,2.61,0.70,,,
DAFA2,4,10.67,1.62,0.70,,,
MYFE2,3,7.64,1.98,0.70,,,
MYGU1,5,8.05,5.19,0.69,,,
PLPO3,2,7.02,3.69,0.69,,,
STFE3,2,5.97,3.38,0.69,,,
LEEL2,5,7.40,3.00,0.68,,,
LEEL3,5,4.43,2.27,0.68,,,
DAFA2,5,12.55,2.13,0.68,,,
CHLA2,5,8.33,1.11,0.68,,,
MYFE3,4,7.89,2.09,0.68,,,
TACA2,2,8.27,1.27,0.67,,,
DUFU2,1,9.31,2.49,0.67,,,
PLEL3,5,4.92,1.38,0.67,,,
COLA2,3,4.80,2.99,0.67,,,
OCPU1,3,7.94,4.00,0.67,,,
DARA1,1,6.51,1.45,0.67,,,
MYFE2,2,9.65,2.26,0.67,,,
OCCO2,5,6.26,1.34,0.66,,,
MILI3,5,6.79,2.89,0.66,,,
CASYs3,2,5.27,1.78,0.66,,,
BALO2,3,6.59,2.96,0.66,,,
CHLA3,3,7.50,1.01,0.66,,,
MYLI1,5,12.68,3.96,0.65,,,
MABR3,4,5.43,2.97,0.65,,,
COLA2,5,5.01,3.09,0.65,,,
SYRE1,2,9.05,2.91,0.65,,,
OCPU3,1,5.16,2.55,0.65,,,
DARA3,2,6.35,1.18,0.65,,,
MAEL1,5,5.99,1.02,0.64,,,
SCVI2,5,13.60,3.43,0.64,,,
MYGU3,3,5.59,2.95,0.64,,,
MAGU3,3,4.54,2.65,0.64,,,
MYMU1,1,4.93,1.83,0.64,,,
XYAR1,3,9.01,3.11,0.64,,,
MILI3,1,4.33,1.73,0.64,,,
CHLA2,3,8.06,1.19,0.64,,,
MILI1,5,6.24,3.03,0.63,,,
TACA2,1,8.91,2.30,0.63,,,
ERDE1,3,10.49,2.94,0.63,,,
MYFA3,4,4.81,1.23,0.63,,,
CASYs1,2,8.39,1.89,0.63,,,
COLA2,2,4.37,2.60,0.63,,,
MYMU2,1,4.67,1.95,0.63,,,
RALA2,1,7.96,2.09,0.63,,,
RALA2,3,7.96,1.60,0.63,,,
BALO1,1,6.50,7.15,0.63,,,
DAFA3,4,8.24,1.75,0.63,,,
MYFA3,1,5.12,1.06,0.62,,,
COLA2,1,4.67,2.54,0.62,,,
MYMU1,4,3.87,1.51,0.61,,,
MABR1,4,4.03,1.33,0.60,,,
MYFA3,5,5.17,1.37,0.60,,,
BYIN1,5,7.47,2.39,0.60,,,
RALA2,4,5.49,1.64,0.60,,,
CHLA2,2,6.87,1.47,0.60,,,
MYUM1,4,9.12,2.46,0.59,,,
MILI3,4,4.77,1.49,0.59,,,
MYFE2,1,7.37,2.20,0.59,,,
PLEL3,4,3.07,1.54,0.58,,,
MYGU3,1,7.95,3.49,0.58,,,
SYRE1,4,9.74,2.91,0.58,,,
MYFE1,5,10.40,2.14,0.58,,,
COLA3,2,5.26,2.89,0.57,,,
MABR2,4,4.89,1.93,0.57,,,
PEOB3,5,6.58,2.80,0.57,,,
STFE3,3,6.92,2.86,0.57,,,
ERDE2,4,5.70,2.34,0.56,,,
GUNI2,3,7.78,2.57,0.56,,,
MYMU3,4,5.44,2.32,0.56,,,
SYPU1,2,9.31,2.98,0.55,,,
MABR3,1,4.78,2.75,0.55,,,
BYIN2,4,7.06,2.56,0.55,,,
BYIN2,5,5.59,2.50,0.55,,,
OCMI3,4,10.39,2.73,0.55,,,
MILI1,2,6.75,3.03,0.54,,,
MABR2,3,6.25,2.05,0.54,,,
ERDE2,5,5.94,2.43,0.54,,,
SCVI2,1,11.92,3.07,0.54,,,
MILI3,2,5.03,2.01,0.54,,,
MAAC1,5,6.51,1.72,0.53,,,
MYMU3,1,5.83,2.47,0.53,,,
OCMI2,4,13.67,2.82,0.53,,,
DARA2,3,4.33,1.04,0.53,,,
MABR1,2,4.74,1.52,0.52,,,
VOTU1,1,9.50,2.40,0.52,,,
PEOB1,4,6.45,2.78,0.52,,,
JACA3,1,2.72,0.38,0.52,,,
MYMU2,2,4.88,2.22,0.52,,,
STPO3,1,9.32,3.59,0.52,,,
RALA3,2,7.81,1.39,0.52,,,
OCCO2,4,8.13,1.36,0.51,,,
TACA3,5,7.92,1.35,0.51,,,
ERDE3,5,7.43,3.22,0.51,,,
MYFA3,3,3.39,1.18,0.51,,,
COLA3,5,4.35,2.42,0.51,,,
MYFA3,2,5.58,1.82,0.50,,,
PEOB3,4,6.69,2.93,0.50,,,
COLA1,1,4.75,2.20,0.50,,,
CHLA1,4,5.65,1.14,0.50,,,
ERDE3,2,7.03,3.12,0.49,,,
CASYs3,5,5.56,0.85,0.49,,,
MYFA2,2,5.02,1.24,0.48,,,
PLEL3,1,4.09,0.28,0.48,,,
PLEL3,2,4.45,1.71,0.48,,,
PLEL3,3,5.68,1.94,0.48,,,
JACA3,3,1.88,0.20,0.48,,,
MYMU1,5,5.30,1.75,0.48,,,
CHLA1,1,7.17,0.99,0.48,,,
BYIN3,1,6.91,2.43,0.48,,,
OCPU3,5,5.38,2.43,0.48,,,
DARA2,1,5.66,1.00,0.48,,,
RALA1,5,5.73,1.33,0.47,,,
RALA2,2,5.66,1.51,0.47,,,
ERDE2,2,6.07,3.64,0.46,,,
DARA3,3,6.44,1.25,0.46,,,
SCVI3,5,8.81,0.45,0.44,,,
COLA3,4,5.85,3.23,0.44,,,
BYIN3,2,9.20,3.10,0.44,,,
NECU1,5,9.40,3.85,0.43,,,
QUMU2,2,7.24,2.95,0.43,,,
JACA1,5,2.24,0.48,0.43,,,
COLA1,4,3.43,1.85,0.43,,,
COLA1,5,5.49,2.20,0.43,,,
CHLA3,5,7.35,2.19,0.43,,,
MYFA2,5,4.56,1.29,0.42,,,
JACA2,2,2.94,0.58,0.42,,,
JACA2,4,2.68,0.79,0.42,,,
RALA3,5,7.14,1.67,0.42,,,
MABR1,3,5.52,1.29,0.41,,,
MYFA2,4,3.93,1.18,0.41,,,
DARA1,2,10.02,1.86,0.41,,,
PLEL2,5,3.06,1.71,0.40,,,
RALA1,2,6.28,1.55,0.40,,,
JACA1,4,4.27,0.90,0.39,,,
PLEL2,1,3.32,1.65,0.38,,,
ERDE2,1,6.51,2.71,0.38,,,
JACA2,1,3.67,0.86,0.38,,,
BADR3,5,2.71,0.26,0.38,,,
PLEL2,4,3.68,1.81,0.37,,,
RALA1,4,5.78,1.41,0.37,,,
CHLA1,2,5.45,1.53,0.37,,,
COLA3,1,6.35,3.95,0.37,,,
JACA2,3,2.70,0.59,0.36,,,
BYIN1,2,5.80,2.26,0.36,,,
BYIN1,3,6.10,2.69,0.36,,,
ERDE1,2,7.85,2.64,0.35,,,
COLA1,3,3.43,2.04,0.35,,,
PLEL2,3,3.23,1.62,0.34,,,
BADR3,3,2.42,0.30,0.34,,,
MYFA1,5,3.06,1.18,0.33,,,
OCPU2,2,5.42,2.41,0.33,,,
BADR1,3,1.72,0.15,0.32,,,
OCPU3,3,5.55,1.78,0.32,,,
CHLA3,2,6.36,1.54,0.32,,,
STRO1,2,1.45,0.81,0.31,,,
OCPU2,1,4.47,1.79,0.31,,,
DARA3,4,5.66,0.97,0.31,,,
BADR3,4,2.30,0.35,0.31,,,
MABR1,1,6.86,1.68,0.30,,,
ERDE2,3,6.62,2.75,0.30,,,
MYFA1,2,3.93,1.38,0.29,,,
PLEL2,2,3.56,1.37,0.28,,,
DAFA3,5,5.16,1.40,0.27,,,
STRO2,5,1.19,0.49,0.26,,,
MYFA2,1,4.44,1.14,0.26,,,
JACA3,2,3.12,0.62,0.26,,,
BADR1,1,2.60,0.49,0.26,,,
BADR1,4,2.38,0.61,0.26,,,
BADR3,2,2.57,0.48,0.26,,,
MABR1,5,3.19,1.22,0.25,,,
MYFA1,1,5.47,1.88,0.25,,,
CHLA2,1,6.07,1.05,0.25,,,
DARA3,5,6.10,1.11,0.25,,,
STRO1,1,1.84,1.13,0.24,,,
STRO2,3,1.34,0.66,0.24,,,
MYFA2,3,4.36,1.21,0.24,,,
OCPU2,5,4.52,2.23,0.24,,,
BADR1,5,1.88,0.58,0.24,,,
BADR2,1,2.48,0.21,0.24,,,
BADR2,3,2.51,0.27,0.24,,,
CHLA3,4,5.29,1.68,0.24,,,
STRO2,4,1.54,0.79,0.23,,,
STRO3,4,1.09,0.44,0.23,,,
BADR2,5,2.85,0.26,0.23,,,
MYFA1,3,3.05,1.20,0.22,,,
JACA1,2,2.78,0.44,0.22,,,
JACA1,3,2.15,0.37,0.22,,,
BADR2,4,2.48,0.34,0.22,,,
MYFA1,4,4.78,1.50,0.21,,,
JACA2,5,2.55,0.95,0.21,,,
DARA2,4,6.59,1.11,0.21,,,
STRO3,3,0.96,0.58,0.20,,,
STRO1,3,1.22,0.69,0.19,,,
STRO2,1,1.26,0.71,0.19,,,
STRO3,2,1.24,0.63,0.19,,,
BADR2,2,2.39,0.28,0.19,,,
STRO2,2,1.40,0.70,0.18,,,
BADR1,2,2.27,0.44,0.18,,,
BADR3,1,2.18,0.45,0.18,,,
STRO1,4,1.16,0.76,0.16,,,
STRO1,5,1.52,0.90,0.16,,,
STRO3,5,1.07,0.57,0.16,,,
STRO3,1,0.83,0.49,0.15,,,
ANFA2,5,0.48,0.10,0.12,,,
ANFA2,2,0.58,0.14,0.11,,,
ANFA3,4,0.44,0.11,0.11,,,
ANFA2,1,0.59,0.12,0.08,,,
ANFA1,2,0.48,0.14,0.07,,,
ANFA2,3,0.36,0.09,0.06,,,
ANFA3,5,0.52,0.12,0.06,,,
ANFA2,4,0.58,0.12,0.06,,,
ANFA1,5,0.42,0.07,0.05,,,
ANFA1,3,0.46,0.11,0.05,,,
ANFA1,4,0.63,0.15,0.04,,,
ANFA3,3,0.43,0.09,0.04,,,
ANFA3,1,0.41,0.08,0.03,,,
ANFA3,2,0.44,0.13,0.03,,,
ANFA1,1,0.55,0.14,0.03,,,
