Species,Code,,EATS ID, Carbon,Nitrogen,P Conc.,K Conc.,Ca Conc.,Mg Conc.,Fe Conc.,Al Conc.,
,,,,- wt. % -,- wt. % -,- % -,- % -,- % -,- % -,- mg/kg -,- mg/kg -,
Aegiphila verticillata,AEVE,1,RR10325,49.96,2.10,0.113,0.864,0.686,0.327,82,79,
Aegiphila verticillata,AEVE,2,RR10326,49.01,1.81,0.080,0.432,0.398,0.316,80,251,
Aegiphila verticillata,AEVE,3,RR10327,48.83,2.48,0.131,0.981,0.412,0.219,109,526,
Alibertia edulis,ALED,1,RR10328,49.86,1.37,0.065,0.976,0.616,0.258,87,102,
Alibertia edulis,ALED,2,RR10329,49.31,1.38,0.069,0.862,0.708,0.302,125,141,
Alibertia edulis,ALED,3,RR10330,51.04,1.73,0.078,1.027,0.508,0.197,137,143,
Amaioua intermedia,AMIN,1,RR10331,49.31,1.65,0.081,0.438,0.441,0.211,81,90,
Amaioua intermedia,AMIN,2,RR10332,48.59,1.81,0.078,0.313,0.224,0.210,74,63,
Amaioua intermedia,AMIN,3,RR10333,48.60,1.61,0.064,0.616,0.338,0.201,98,101,
Annona coriacea,ANCO,1,RR10534,44.38,1.38,0.065,1.067,0.954,0.263,138,72,
Annona coriacea,ANCO,2,RR10535,45.97,1.62,0.073,0.368,1.213,0.263,115,87,
Annona coriacea,ANCO,3,RR10536,45.16,1.77,0.079,0.651,0.971,0.287,99,85,
Annona cacans,ANCA,1,RR10334,42.39,2.62,0.150,0.488,2.840,0.346,107,105,
Annona cacans,ANCA,2,RR10335,45.39,2.90,0.147,0.757,1.510,0.159,199,217,
Annona crassiflora,ANCR,1,RR10336,49.71,1.32,0.063,0.184,0.942,0.113,77,75,
Annona crassiflora,ANCR,2,RR10337,48.66,1.46,0.072,0.273,1.176,0.139,107,112,
Annona crassiflora,ANCR,3,RR10338,48.93,1.53,0.083,0.489,0.614,0.141,120,122,
Annona dioica,ANDI,1,RR10537,47.41,1.77,0.091,0.577,0.428,0.159,153,176,
Annona dioica,ANDI,2,RR10538,47.31,1.89,0.094,0.819,0.898,0.174,84,91,
Annona dioica,ANDI,3,RR10539,47.68,1.51,0.078,0.520,0.719,0.202,179,211,
Anadenanthera falcata,ANFA,1,RR10339,53.83,2.18,0.087,0.361,0.240,0.177,266,289,
Anadenanthera falcata,ANFA,2,RR10340,52.49,2.63,0.105,0.602,0.211,0.119,205,194,
Anadenanthera falcata,ANFA,3,RR10341,53.41,2.84,0.106,0.438,0.126,0.088,193,181,
Baccharis dracunculifolia,BADR,1,RR10342,49.17,2.34,0.147,2.064,0.561,0.240,139,477,
Baccharis dracunculifolia,BADR,2,RR10343,48.91,2.24,0.124,2.376,0.659,0.258,142,184,
Baccharis dracunculifolia,BADR,3,RR10344,49.27,2.19,0.150,1.873,0.577,0.262,148,156,
Bauhinia longifolia,BALO,1,RR10345,48.94,2.20,0.114,0.428,0.540,0.322,92,103,
Bauhinia longifolia,BALO,2,RR10346,48.23,1.72,0.101,0.446,0.886,0.284,123,135,
Bauhinia longifolia,BALO,3,RR10347,48.42,1.25,0.077,0.516,0.792,0.240,112,133,
Bauhinia rufa,BARU,1,RR10348,50.24,1.61,0.120,0.403,0.374,0.230,79,78,
Bauhinia rufa,BARU,2,RR10349,50.48,1.65,0.091,0.294,0.398,0.158,99,128,
Bauhinia rufa,BARU,3,RR10350,49.74,1.69,0.103,0.613,0.640,0.172,106,129,
Bowdichia virgilioides,BOVI,1,RR10540,50.42,2.22,0.102,0.441,0.104,0.124,47,31,
Bowdichia virgilioides,BOVI,2,RR10541,52.22,1.97,0.070,0.203,0.138,0.095,82,69,
Bowdichia virgilioides,BOVI,3,RR10542,51.06,2.02,0.078,0.381,0.145,0.108,62,45,
Byrsonima basiloba,BYBA,1,RR10543,50.62,1.22,0.061,0.432,0.398,0.189,116,178,
Byrsonima coccolobifolia,BYCO,1,RR10544,49.47,0.81,0.037,0.140,0.448,0.286,358,872,
Byrsonima coccolobifolia,BYCO,2,RR10545,46.69,1.07,0.083,0.493,0.752,0.228,55,94,
Byrsonima coccolobifolia,BYCO,3,RR10546,48.74,1.05,0.054,0.416,0.504,0.235,92,986,
Campomanesia adamantium,CAAD,1,RR10351,48.27,1.00,0.050,0.158,0.935,0.353,84,215,
Campomanesia adamantium,CAAD,2,RR10352,48.55,1.09,0.061,0.239,0.552,0.297,117,260,
Campomanesia adamantium,CAAD,3,RR10353,49.72,1.13,0.073,0.247,0.365,0.176,204,223,
Caryocar brasiliense,CABR,1,RR10354,50.43,1.42,0.072,0.268,0.762,0.288,135,129,
Caryocar brasiliense,CABR,2,RR10355,50.88,1.21,0.063,0.229,0.725,0.204,122,109,
Caryocar brasiliense,CABR,3,RR10356,50.80,1.13,0.060,0.290,0.383,0.150,148,150,
Campomanesia guazumifolia,CAGU,1,RR10357,48.27,1.90,0.133,1.099,0.688,0.248,162,251,
Campomanesia guazumifolia,CAGU,2,RR10358,47.60,1.75,0.120,0.882,0.554,0.283,207,253,
Campomanesia guazumifolia,CAGU,3,RR10359,47.39,2.25,0.153,0.992,1.150,0.299,365,514,
Calyptranthes lucida,CALU,1,RR10547,47.55,2.46,0.099,0.571,0.589,0.225,107,502,
Casearia sylvestris,CASY,1,RR10360,48.17,1.96,0.100,0.906,0.817,0.397,103,107,
Casearia sylvestris,CASY,2,RR10361,47.78,2.25,0.096,0.777,0.508,0.342,102,93,
Casearia sylvestris,CASY,3,RR10362,47.76,2.35,0.112,1.988,0.438,0.292,215,228,
Cestrum sendtnerianum,CESE,1,RR10548,42.93,1.81,0.112,1.278,0.421,0.345,57,154,
Cestrum sendtnerianum,CESE,2,RR10549,43.68,2.30,0.145,1.767,0.470,0.420,61,267,
Chrysophyllum marginatum,CHMA,1,RR10550,45.94,1.55,0.076,0.907,0.511,0.268,129,176,
Chrysophyllum marginatum,CHMA,2,RR10551,45.17,1.51,0.068,0.869,0.689,0.338,160,251,
Chrysophyllum marginatum,CHMA,3,RR10552,43.18,1.48,0.088,1.138,0.576,0.202,77,102,
Copaifera langsdorffii,COLA,1,RR10363,50.70,2.19,0.111,0.520,0.395,0.202,114,117,
Copaifera langsdorffii,COLA,2,RR10364,50.29,2.22,0.109,0.328,0.383,0.225,114,114,
Copaifera langsdorffii,COLA,3,RR10365,49.54,1.68,0.097,0.215,0.393,0.218,111,121,
Connarus suberosus,COSU,1,RR10553,47.42,1.50,0.067,0.404,0.395,0.077,97,105,
Connarus suberosus,COSU,2,RR10554,48.20,1.41,0.067,0.404,0.332,0.088,121,132,
Connarus suberosus,COSU,3,RR10555,48.53,1.25,0.069,0.379,0.630,0.063,110,124,
Cupania tenuivalvis,CUTE,1,RR10556,48.82,2.62,0.110,1.290,0.329,0.126,170,179,
Cupania tenuivalvis,CUTE,2,RR10557,49.26,2.41,0.118,1.060,0.510,0.288,223,282,
Cupania tenuivalvis,CUTE,3,RR10558,47.89,3.06,0.138,0.962,0.506,0.253,166,183,
Cupania vernalis,CUVE,1,RR10366,50.08,2.03,0.098,0.688,0.579,0.265,127,118,
Cupania vernalis,CUVE,2,RR10367,48.31,2.00,0.115,1.564,0.713,0.403,276,277,
Cupania vernalis,CUVE,3,RR10368,48.37,2.03,0.101,1.245,0.451,0.319,196,230,
Davilla elliptica,DAEL,1,RR10559,38.37,1.23,0.063,0.255,0.634,0.153,78,152,
Davilla elliptica,DAEL,2,RR10560,36.81,1.11,0.063,0.274,0.677,0.154,151,245,
Davilla elliptica,DAEL,3,RR10561,39.02,1.14,0.056,0.244,0.561,0.161,142,258,
Daphnopsis racemosa,DARA,1,RR10369,44.97,2.24,0.111,0.481,0.678,0.272,127,131,
Daphnopsis racemosa,DARA,2,RR10370,44.08,2.00,0.105,0.458,0.481,0.291,135,149,
Daphnopsis racemosa,DARA,3,RR10371,45.24,2.25,0.113,0.441,0.431,0.242,167,172,
Diospyros hispida,DIHI,1,RR10372,49.62,1.14,0.062,0.691,0.812,0.291,93,147,bottle reads DIBU
Diospyros hispida,DIHI,2,RR10373,50.87,1.26,0.058,0.288,0.704,0.309,56,65,
Diospyros hispida,DIHI,3,RR10374,51.09,1.26,0.057,0.255,0.734,0.314,67,75,
Dimorphandra mollis,DIMO,1,RR10562,51.76,3.19,0.080,0.319,0.255,0.138,111,107,
Dimorphandra mollis,DIMO,2,RR10563,51.40,3.47,0.080,0.293,0.225,0.116,111,97,
Dimorphandra mollis,DIMO,3,RR10564,51.48,3.47,0.103,0.386,0.193,0.151,132,129,
Duguetia furfuracea,DUFU,1,RR10375,48.12,1.79,0.079,0.240,0.377,0.129,74,58,
Duguetia furfuracea,DUFU,2,RR10376,48.10,1.64,0.066,0.195,0.407,0.098,127,131,
Duguetia furfuracea,DUFU,3,RR10377,47.78,1.91,0.077,0.179,0.586,0.149,77,73,
Erythroxylum cunneifolium,ERCU,1,RR10565,45.98,2.02,0.100,0.627,0.588,0.352,75,65,
Erythroxylum cunneifolium,ERCU,2,RR10566,47.68,2.27,0.116,0.292,0.370,0.283,70,63,
Erythroxylum cunneifolium,ERCU,3,RR10567,48.01,1.83,0.081,0.539,0.688,0.290,68,71,
Eriotheca gracilipes,ERGR,1,RR10378,48.42,1.23,0.078,0.528,0.535,0.224,102,102,
Eriotheca gracilipes,ERGR,2,RR10379,47.83,1.33,0.076,0.267,0.804,0.136,97,73,
Eriotheca gracilipes,ERGR,3,RR10380,47.93,1.32,0.080,0.381,0.771,0.153,109,101,
Erythroxylum suberosum,ERSU,1,RR10381,44.35,1.59,0.087,0.316,0.430,0.187,75,65,
Erythroxylum suberosum,ERSU,2,RR10382,45.97,1.81,0.119,0.648,0.498,0.200,45,30,
Erythroxylum suberosum,ERSU,3,RR10383,46.00,1.52,0.102,0.245,0.643,0.183,41,29,
Eugenia myrcianthes,EUMY,1,RR10568,46.20,1.67,0.101,0.881,0.523,0.246,110,183,
Eugenia myrcianthes,EUMY,2,RR10569,46.48,1.63,0.091,0.635,0.790,0.305,126,185,
Eugenia myrcianthes,EUMY,3,RR10570,46.35,2.03,0.108,1.302,0.479,0.230,166,266,
Eugenia punicifolia,EUPU,1,RR10571,49.31,1.83,0.069,0.449,0.424,0.177,139,202,
Eugenia punicifolia,EUPU,2,RR10572,48.73,1.93,0.066,0.420,0.413,0.224,156,218,
Gochnatia barrosii,GOBA,1,RR10384,47.38,2.03,0.109,1.155,0.371,0.189,197,249,
Gochnatia barrosii,GOBA,2,RR10385,47.51,2.21,0.111,0.478,0.402,0.209,168,181,
Gochnatia barrosii,GOBA,3,RR10386,46.57,2.37,0.110,0.736,0.672,0.283,222,260,
Gochnatia polymorpha,GOPO,1,RR10387,48.39,2.04,0.091,0.671,0.652,0.336,60,59,
Gochnatia polymorpha,GOPO,2,RR10388,48.02,2.34,0.149,1.122,0.206,0.223,88,101,
Gochnatia polymorpha,GOPO,3,RR10389,48.31,1.73,0.105,1.414,0.484,0.330,84,118,
Guatteria nigrescens,GUNI,1,RR10390,45.92,2.42,0.104,0.594,0.575,0.181,159,167,
Guatteria nigrescens,GUNI,2,RR10391,46.36,2.43,0.096,0.669,0.517,0.189,169,172,
Guatteria nigrescens,GUNI,3,RR10392,46.67,2.48,0.101,0.688,0.516,0.197,171,176,
Jacaranda caroba,JACA,1,RR10393,51.12,1.65,0.086,0.350,1.171,0.198,113,185,
Jacaranda caroba,JACA,2,RR10394,50.78,1.70,0.096,0.421,0.893,0.217,141,199,
Jacaranda caroba,JACA,3,RR10395,50.44,1.84,0.113,0.657,0.551,0.151,152,223,
Kielmeyera coriacea,KICO,1,RR10396,48.81,0.86,0.053,0.189,0.676,0.249,44,49,
Kielmeyera coriacea,KICO,2,RR10397,49.58,1.41,0.078,0.312,0.360,0.158,63,70,
Kielmeyera coriacea,KICO,3,RR10398,47.72,1.23,0.062,0.248,0.524,0.221,64,71,
Lacistema hasslerianum,LAHA,1,RR10399,46.69,1.79,0.110,1.380,0.415,0.236,75,561,
Lacistema hasslerianum,LAHA,2,RR10400,46.50,1.87,0.109,1.378,0.619,0.313,98,662,
Lacistema hasslerianum,LAHA,3,RR10401,45.50,1.66,0.084,2.165,0.521,0.301,111,541,
Leptolobium elegans,LEEL,1,RR10402,49.87,2.28,0.090,0.591,0.309,0.142,97,80,
Leptolobium elegans,LEEL,2,RR10403,49.57,2.02,0.067,0.549,0.260,0.127,108,90,
Leptolobium elegans,LEEL,3,RR10404,49.29,2.15,0.063,0.550,0.400,0.145,131,91,
Lithraea molleoides,LIMO,1,RR10573,47.95,1.57,0.096,0.981,0.553,0.188,65,59,
Lithraea molleoides,LIMO,2,RR10574,47.00,1.74,0.114,1.006,0.886,0.270,70,67,
Lithraea molleoides,LIMO,3,RR10575,47.47,1.85,0.112,0.733,1.254,0.225,78,70,
Lippia salviaefolia,LISA,1,RR10576,45.17,2.35,0.137,1.833,0.730,0.296,254,334,
Lippia salviaefolia,LISA,2,RR10577,46.53,1.94,0.113,0.758,1.141,0.468,346,411,
Lippia salviaefolia,LISA,3,RR10578,43.08,2.09,0.131,0.565,1.370,0.357,476,586,
Luehea candicans,LUCA,1,RR10405,47.10,1.88,0.111,0.823,0.765,0.281,200,243,
Luehea candicans,LUCA,2,RR10406,47.82,1.71,0.123,1.212,0.546,0.313,300,373,
Luehea candicans,LUCA,3,RR10407,46.98,2.35,0.111,0.954,0.679,0.292,300,394,
Luehea grandiflora,LUGR,1,RR10408,47.79,2.27,0.101,0.986,0.758,0.232,270,319,
Luehea grandiflora,LUGR,2,RR10409,46.70,2.28,0.132,1.293,0.554,0.245,319,334,
Luehea grandiflora,LUGR,3,RR10410,45.18,2.14,0.106,2.395,0.919,0.237,220,267,
Machaerium acutifolium,MAAC,1,RR10411,48.52,3.42,0.102,0.296,0.552,0.134,94,74,
Machaerium acutifolium,MAAC,2,RR10412,48.85,3.06,0.066,0.234,0.476,0.124,80,71,
Machaerium acutifolium,MAAC,3,RR10413,48.65,4.19,0.114,0.447,0.579,0.160,89,71,
Machaerium brasiliense,MABR,1,RR10414,48.94,3.19,0.098,0.363,0.376,0.210,73,68,
Machaerium brasiliense,MABR,2,RR10415,48.52,2.95,0.102,0.394,0.503,0.246,115,116,
Machaerium brasiliense,MABR,3,RR10416,48.31,2.91,0.106,0.387,0.529,0.289,107,114,
Matayba elaeagnoides,MAEL,1,RR10417,49.72,1.45,0.096,0.555,0.338,0.324,65,74,
Matayba elaeagnoides,MAEL,2,RR10418,50.07,1.42,0.089,0.299,0.672,0.383,56,60,
Matayba elaeagnoides,MAEL,3,RR10419,47.46,1.22,0.075,1.065,1.032,0.215,82,88,
Miconia albicans,MIAL,1,RR10420,47.12,1.10,0.060,0.313,0.251,0.108,59,3798,
Miconia albicans,MIAL,2,RR10421,47.57,1.35,0.069,0.519,0.153,0.110,103,3478,
Miconia albicans,MIAL,3,RR10422,48.09,1.17,0.051,0.309,0.184,0.078,111,2477,
Miconia ligustroides,MILI,1,RR10423,47.29,1.50,0.047,0.379,0.717,0.301,88,10300,
Miconia ligustroides,MILI,2,RR10424,45.60,1.59,0.058,0.479,0.473,0.310,80,14062,
Miconia ligustroides,MILI,3,RR10425,48.35,1.86,0.076,0.573,0.262,0.218,51,3954,
Myrcia fallax,MYFA,1,RR10426,45.52,1.52,0.066,0.234,0.430,0.165,100,146,
Myrcia fallax,MYFA,2,RR10427,46.95,1.36,0.063,0.246,0.279,0.141,86,110,
Myrcia fallax,MYFA,3,RR10428,46.54,1.46,0.074,0.360,0.263,0.149,116,146,
Rapanea ferruginea,MYFE,1,RR10429,49.39,1.89,0.113,1.141,0.704,0.175,75,76,
Rapanea ferruginea,MYFE,2,RR10430,48.15,2.21,0.125,1.095,0.674,0.236,76,64,
Rapanea ferruginea,MYFE,3,RR10431,50.96,1.20,0.071,0.764,0.442,0.127,67,63,
Myrcia lingua,MYLI,1,RR10432,40.78,1.22,0.056,0.200,0.464,0.280,102,135,
Myrcia lingua,MYLI,2,RR10433,43.99,1.21,0.058,0.255,0.478,0.290,78,85,
Myrcia lingua,MYLI,3,RR10434,44.88,1.32,0.080,0.412,0.215,0.155,52,46,
Myrcia multiflora,MYMU,1,RR10435,47.65,1.48,0.089,0.542,0.348,0.233,88,102,
Myrcia multiflora,MYMU,2,RR10436,47.46,1.52,0.091,0.587,0.380,0.270,82,89,
Myrcia multiflora,MYMU,3,RR10437,47.22,2.02,0.106,0.798,0.358,0.224,69,85,
Myrcia tomentosa,MYTO,1,RR10438,46.01,1.39,spilled,-------------,-------------,-------------,-------------,-------------,
Myrcia tomentosa,MYTO,2,RR10439,45.39,1.42,0.072,0.218,0.952,0.238,89,160,
Myrcia tomentosa,MYTO,3,RR10440,46.28,1.44,0.077,0.598,0.546,0.148,108,166,
Myrcia venulosa,MYVE,1,RR10441,45.79,1.55,0.061,0.377,0.294,0.181,148,158,
Myrcia venulosa,MYVE,2,RR10442,48.74,1.64,0.062,0.318,0.164,0.149,79,85,
Myrcia venulosa,MYVE,3,RR10443,48.99,1.53,0.065,0.253,0.309,0.231,79,80,
Nectandra cuspidata,NECU,1,RR10444,48.55,1.94,0.091,0.446,1.087,0.183,100,167,
Nectandra cuspidata,NECU,2,RR10445,50.29,2.42,0.089,0.302,0.499,0.197,148,235,
Nectandra cuspidata,NECU,3,RR10446,50.97,2.60,0.107,0.492,0.254,0.171,155,214,
Ocotea corymbosa,OCCO,1,RR10447,52.43,1.92,0.079,0.355,0.347,0.180,61,101,
Ocotea corymbosa,OCCO,2,RR10448,51.35,1.56,0.071,0.257,0.533,0.241,65,104,
Ocotea corymbosa,OCCO,3,RR10449,51.29,1.89,0.076,0.256,0.612,0.199,63,106,
Ocotea minarum,OCMI,1,RR10450,49.30,2.17,0.106,1.488,0.274,0.229,106,192,
Ocotea minarum,OCMI,2,RR10451,49.64,2.06,0.124,1.386,0.314,0.237,110,216,
Ocotea minarum,OCMI,3,RR10452,48.69,2.21,0.126,1.529,0.381,0.242,119,185,
Ocotea pulchella,OCPU,1,RR10453,50.64,1.89,0.092,0.332,0.282,0.201,106,193,
Ocotea pulchella,OCPU,2,RR10454,50.62,1.85,0.086,0.337,0.172,0.153,90,147,
Ocotea pulchella,OCPU,3,RR10455,50.87,1.78,0.089,0.345,0.204,0.175,120,193,
Ocotea velloziana,OCVE,1,RR10579,50.46,2.61,0.164,0.867,0.922,0.153,226,255,
Ocotea velloziana,OCVE,2,RR10580,49.63,2.31,0.123,1.105,0.571,0.213,152,213,
Ocotea velloziana,OCVE,3,RR10581,49.63,2.40,0.108,0.839,0.639,0.275,249,280,
Ouratea spectabilis,OUSP,1,RR10456,48.70,1.81,0.104,0.758,0.711,0.214,79,102,
Ouratea spectabilis,OUSP,2,RR10457,48.48,1.35,0.094,0.398,0.433,0.240,58,56,
Ouratea spectabilis,OUSP,3,RR10458,48.82,1.60,0.101,0.504,0.697,0.236,62,61,
Pera obovata,PEOB,1,RR10459,49.11,2.14,0.094,0.779,0.627,0.343,72,61,
Pera obovata,PEOB,2,RR10460,49.03,2.41,0.113,0.569,0.621,0.326,67,55,
Pera obovata,PEOB,3,RR10461,49.57,1.98,0.092,0.682,0.332,0.229,83,67,
Persea willdenovii,PEWI,1,RR10582,49.28,1.56,0.097,0.492,0.392,0.162,77,83,
Piptocarpha axillaris,PIAX,1,RR10462,44.86,2.62,0.119,0.834,0.354,0.130,192,210,
Piptocarpha axillaris,PIAX,2,RR10463,45.71,2.92,0.127,0.802,0.261,0.120,208,229,
Piptocarpha axillaris,PIAX,3,RR10464,45.87,3.14,0.128,0.587,0.202,0.146,235,275,
Piptocarpha rotundifolia,PIRO,1,RR10465,41.25,1.56,0.082,0.259,0.421,0.230,110,129,
Platypodium elegans,PLEL,1,RR10466,48.99,2.92,0.095,0.424,0.305,0.167,152,165,
Platypodium elegans,PLEL,2,RR10467,47.98,3.32,0.112,0.392,0.279,0.085,114,122,
Platypodium elegans,PLEL,3,RR10468,47.76,3.60,0.133,1.317,0.332,0.191,271,293,
Plenckia populnea,PLPO,1,RR10469,51.21,1.40,0.082,1.338,0.276,0.257,97,74,
Plenckia populnea,PLPO,2,RR10470,49.67,1.46,0.079,0.436,0.418,0.338,128,114,
Plenckia populnea,PLPO,3,RR10471,49.53,1.53,0.085,0.303,0.371,0.318,69,52,
Platymenia reticulata,PLRE,1,RR10583,49.70,2.63,0.100,0.552,0.112,0.125,114,106,
Platymenia reticulata,PLRE,2,RR10584,49.04,2.60,0.107,0.678,0.134,0.134,117,113,
Platymenia reticulata,PLRE,3,RR10585,49.57,2.60,0.095,0.617,0.104,0.127,173,175,
Pouteria torta,POTO,1,RR10472,48.22,1.34,0.069,0.321,0.235,0.135,91,89,
Pouteria torta,POTO,2,RR10473,48.83,1.53,0.077,0.255,0.186,0.119,92,88,
Pouteria torta,POTO,3,RR10474,50.59,1.28,0.070,0.280,0.539,0.236,81,88,
Protium heptaphyllum,PRHE,1,RR10475,46.80,1.57,0.106,0.828,0.217,0.177,36,21,
Protium heptaphyllum,PRHE,2,RR10476,46.35,1.60,0.083,0.748,1.201,0.219,107,100,
Protium heptaphyllum,PRHE,3,RR10477,46.32,1.89,0.095,0.891,0.408,0.161,111,110,
Prunus myrtifolia,PRMY,1,RR10586,48.46,1.67,0.093,0.358,1.288,0.398,54,65,
Qualea cordata,QUCO,1,RR10587,44.53,1.11,0.087,0.684,0.473,0.193,52,4219,
Qualea cordata,QUCO,2,RR10588,44.03,1.34,0.081,0.527,0.540,0.188,77,6201,
Qualea cordata,QUCO,3,RR10589,43.79,1.29,0.079,0.433,0.433,0.210,67,7029,
Qualea grandiflora,QUGR,1,RR10478,46.75,1.43,0.063,0.332,0.251,0.101,44,4461,
Qualea grandiflora,QUGR,2,RR10479,44.32,1.18,0.050,0.371,0.747,0.240,86,8365,
Qualea grandiflora,QUGR,3,RR10480,46.11,1.78,0.087,0.365,0.484,0.249,66,9773,
Qualea multiflora,QUMU,1,RR10481,45.57,1.92,0.088,0.320,0.351,0.209,103,13905,
Qualea multiflora,QUMU,2,RR10482,45.70,1.61,0.072,0.305,0.373,0.193,125,13660,
Qualea multiflora,QUMU,3,RR10483,46.36,1.83,0.070,0.473,0.414,0.228,146,5344,
Rapanea guianensis,RAGU,1,RR10484,50.70,1.04,0.053,0.372,0.467,0.204,41,36,
Rapanea guianensis,RAGU,2,RR10485,51.99,1.33,0.073,0.325,0.369,0.221,38,27,
Rapanea guianensis,RAGU,3,RR10486,50.52,1.63,0.076,0.392,0.532,0.285,53,42,
Rapanea lancifolia,RALA,1,RR10487,52.76,1.40,0.089,0.418,0.532,0.169,101,97,
Rapanea umbellata,RAUM,1,RR10488,51.87,1.36,0.079,0.547,0.596,0.168,58,55,
Rapanea umbellata,RAUM,2,RR10489,51.91,1.11,0.073,0.636,0.536,0.156,52,54,
Rapanea umbellata,RAUM,3,RR10490,50.96,1.14,0.075,0.721,0.798,0.216,52,52,
Roupala montana,ROMO,1,RR10491,49.71,0.87,0.050,0.204,0.187,0.142,53,208,
Roupala montana,ROMO,2,RR10492,50.07,0.88,0.050,0.191,0.161,0.125,44,236,
Roupala montana,ROMO,3,RR10493,47.91,0.74,0.040,0.176,0.180,0.130,57,238,
Schefflera vinosa,SCVI,1,RR10494,51.97,1.86,0.097,0.424,0.299,0.175,50,49,
Schefflera vinosa,SCVI,2,RR10495,50.74,1.64,0.083,0.268,0.336,0.222,61,74,
Schefflera vinosa,SCVI,3,RR10496,50.07,1.63,0.089,0.570,0.292,0.231,61,79,
Siparuna guianensis,SIGU,1,RR10497,48.59,2.11,0.114,0.844,0.383,0.232,71,698,
Siparuna guianensis,SIGU,2,RR10498,46.95,2.04,0.094,1.303,0.833,0.289,143,2954,
Siparuna guianensis,SIGU,3,RR10499,46.51,2.49,0.120,1.454,0.786,0.200,144,1741,
Solanum lycocarpum,SOLY,1,RR10590,47.40,2.93,0.120,0.990,0.283,0.199,60,48,
Solanum lycocarpum,SOLY,2,RR10591,49.18,3.04,0.132,0.787,0.366,0.231,76,70,
Solanum lycocarpum,SOLY,3,RR10592,48.16,2.58,0.103,0.979,0.813,0.260,96,139,
Stryphnodendron adstringens,STAD,1,RR10593,53.50,1.97,0.069,0.229,0.171,0.081,89,69,
Stryphnodendron adstringens,STAD,2,RR10594,52.74,2.13,0.093,0.290,0.158,0.103,58,42,
Stryphnodendron adstringens,STAD,3,RR10595,52.77,2.33,0.090,0.256,0.349,0.122,62,58,
Styrax camporum,STCA,1,RR10500,49.17,1.43,0.078,0.393,0.630,0.269,94,201,
Styrax camporum,STCA,2,RR10501,48.89,1.55,0.076,0.511,0.854,0.219,115,248,
Styrax camporum,STCA,3,RR10502,49.45,1.43,0.070,0.270,0.644,0.282,114,216,
Styrax ferrugineus,STFE,1,RR10503,49.32,1.57,0.065,0.487,0.448,0.228,90,144,
Styrax ferrugineus,STFE,2,RR10504,49.17,1.44,0.075,0.339,0.570,0.255,104,153,
Styrax ferrugineus,STFE,3,RR10505,50.49,1.51,0.071,0.459,0.382,0.216,90,139,
Styrax pohlii,STPO,1,RR10506,50.52,1.69,0.085,0.510,0.536,0.232,97,101,
Stryphnodendron rotundifolium,STRO,1,RR10507,51.12,2.63,0.106,0.546,0.193,0.138,99,69,
Stryphnodendron rotundifolium,STRO,2,RR10508,50.68,2.57,0.099,0.333,0.331,0.189,102,85,
Stryphnodendron rotundifolium,STRO,3,RR10509,51.92,2.37,0.089,0.330,0.694,0.234,114,109,
Symplocos pubescens,SYPU,1,RR10510,45.11,1.63,0.098,0.511,0.339,0.227,78,11319,
Symplocos pubescens,SYPU,2,RR10511,47.01,1.48,0.081,0.390,0.412,0.221,98,8136,
Symplocos pubescens,SYPU,3,RR10512,45.57,1.65,0.090,0.546,0.415,0.254,97,11490,
Tabernaemontana catharinensis,TACA,1,RR10513,48.76,2.62,0.132,0.488,0.761,0.393,101,340,
Tabernaemontana catharinensis,TACA,2,RR10514,48.27,2.35,0.121,0.466,0.783,0.452,82,283,
Tabernaemontana catharinensis,TACA,3,RR10515,47.49,2.22,0.105,0.863,0.744,0.401,140,301,
Tapirira guianensis,TAGU,1,RR10516,46.43,1.28,0.085,0.504,1.427,0.355,75,76,
Tapirira guianensis,TAGU,2,RR10517,46.09,1.08,0.123,1.128,0.793,0.315,65,63,
Tapirira guianensis,TAGU,3,RR10518,48.52,1.37,0.091,0.826,0.682,0.224,85,89,
Tabebuia ochracea,TAOC,1,RR10519,48.48,1.16,0.057,0.212,0.923,0.282,75,110,
Tabebuia ochracea,TAOC,2,RR10520,47.65,1.53,0.096,0.698,0.691,0.262,126,212,
Tabebuia ochracea,TAOC,3,RR10521,46.51,1.45,0.093,0.711,1.303,0.280,78,119,
Terminalia glabrescens,TEGL,1,RR10522,48.39,1.82,0.136,1.030,0.500,0.205,76,77,
Terminalia glabrescens,TEGL,2,RR10523,44.01,1.16,0.070,0.403,0.638,0.279,129,207,
Terminalia glabrescens,TEGL,3,RR10524,44.40,1.01,0.063,0.445,0.512,0.174,117,149,
Tocoyena formosa,TOFO,1,RR10525,50.52,1.04,0.043,0.124,1.192,0.334,275,357,
Tocoyena formosa,TOFO,2,RR10526,48.94,1.12,0.051,0.459,0.590,0.224,602,673,
Tocoyena formosa,TOFO,3,RR10527,50.22,1.19,0.053,0.393,0.473,0.198,588,665,
Vochysia tucanorum,VOTU,1,RR10528,38.55,1.59,0.065,0.423,0.701,0.244,55,34890,
Vochysia tucanorum,VOTU,2,RR10529,38.89,1.47,0.058,0.560,1.181,0.310,76,26066,
Vochysia tucanorum,VOTU,3,RR10530,45.21,1.42,0.068,0.606,0.340,0.158,133,1663,
Zanthoxylum rhoifolium,ZARH,1,RR10596,47.14,2.25,0.107,1.029,0.918,0.284,128,140,
Zanthoxylum rhoifolium,ZARH,2,RR10597,46.80,2.38,0.117,1.192,0.762,0.368,150,149,
Zanthoxylum rhoifolium,ZARH,3,RR10598,48.31,2.87,0.136,1.663,0.449,0.239,128,145,
Zeyheria montana,ZEMO,1,RR10531,49.26,1.86,0.111,0.689,0.399,0.237,171,232,
Zeyheria montana,ZEMO,2,RR10532,51.27,1.61,0.071,0.185,0.437,0.196,141,166,
Zeyheria montana,ZEMO,3,RR10533,50.64,1.31,0.062,0.185,0.328,0.280,105,135,
,,,,,,,,,,,,
,,,,,,,,,,,,
