"","Species","sample","LitterDepth1","LitterDepth2","LitterDepth3","Average.Litter.Depth","FlameHeight1","FlameHeight2","FlameHeight3","Average.Flame.Height","Original.Mass","FinalMass.g.","PercentCombustion","HeatFlux_SBG01_Max","Heatflux_flat_Max","Temp_C_15_10_Max","Temp_C_30_10_Max","Temp_C_45_10_Max","Temp_C_30_5_Max","Temp_C_30_20_Max","Temp_C_IR_Max","ROS1mmin.1","ROS2mmin.1","count15","count30","Count45","Fuel.load..kg.m2.","Mean.ROS.mmin.1","Mean.ROS.ms.1","Fireline.intensity.kWm.1","litter_spec_vol","litter_bulk_density","log_litter_spec_vol","Carbon","Nitrogen","Al.Conc.","All_ash","FreshL","FreshW","FreshH","FreshTH","Petole","DryL","DryW","DryH","DryTH","DryWeight","Areacm2","SLAcm2g.1","freshL3D","freshW3D","freshH3D","freshHull","dryL3D","dryW3D","dryH3D","dryHull","particle_volume","volume_ratio","hull_specific_vol","prismatic_volume","rectangular_volume","S1","C1","C1H","C1Hfresh","C1H_new","S2","C2","C2H","C2Hfresh","C2H_new","S3","C3","C3H","C3Hfresh","packing_ratio","FG","n_success","prop_success","accumulator"
"1","AESE",2,16.5666666666667,17.3333333333333,16.1333333333333,16.67777778,85.8333333333333,101.666666666667,108.333333333333,98.6111111233333,150,9.03333333333333,0.939777777666667,64.36,30.2466666666667,594.366666666667,673.166666666667,710.133333333333,693.866666666667,555.733333333333,732.566666666667,NA,NA,NA,NA,NA,1,NA,0.0102762146666667,180.378253933333,166.7777778,0.00612672888626262,5.10597379400258,NA,NA,NA,NA,23.0333333333333,9.62333333333333,2.20166666666667,0.32,0.846666666666667,19.9166666666667,3.74,3.25833333333333,0.23,1.28166666666667,137.3908005,108.416364216667,210.099385701137,89.2922121850915,35.1174778226592,247044.421914821,184.629356969641,45.9135731653459,37.7596966263339,116.788303620234,4.5780051933,57599.4177411782,90.1495733970915,297.726528352667,484.520646666667,11.6328828950271,0.279401890967687,0.0414286340412184,0.534821454587488,7.18126738987146e-05,8.39988776115566,0.396135268077066,0.0587799248396528,0.416560497570677,7.18126738987146e-05,19.9166666666667,0.164025911628982,0.0243059313601452,0.26882435250782,0.0218841586418086,"F",3,1,NA
"2","AEVE",2,10.3666666666667,10.1666666666667,10.5,10.3444444456667,65.8333333333333,62.5,73.3333333333333,67.2222222233333,150,8.26666666666667,0.944888889,59.92,28.0866666666667,515.6,495.366666666667,641.266666666667,612.6,501.966666666667,694.766666666667,0.327016163333333,0.439666666666667,157.333333333333,269.333333333333,354.333333333333,1,0.383341415333333,0.00638902366666667,112.4694193,103.444444456667,0.00971132959154221,4.63675703070838,49.2666666666667,2.13,285.333333333333,561.292333333333,14.4183333333333,6.905,3.21333333333333,0.401666666666667,0.558333333333333,13.1866666666667,3.62166666666667,2.68833333333333,0.276666666666667,0.764,61.2031392416667,83.34837588,130.057005348116,61.9539739294324,35.470134881317,107143.959789306,126.032202538204,41.3916580452355,30.7409914589689,56.1076842624878,2.52752327227167,45168.5181834706,74.2473515307938,200.953825209967,328.436576833333,7.74788605830512,0.344833451446198,0.0487540888834732,0.608783191690587,0.000116769669309852,6.86894054178446,0.387781175254316,0.054792411586869,0.471990369639495,0.000116769669309852,13.1866666666667,0.203674780591702,0.0287508475548216,0.3265775105438,0.0321277638053972,"S",3,1,FALSE
"3","ALED",2,9.13333333333333,8.66666666666667,8.63333333333333,8.81111111233333,54.1666666666667,59.1666666666667,65.8333333333333,59.7222222233333,150,8.3,0.944666666666667,51.0466666666667,24.9566666666667,456.366666666667,495.9,563.733333333333,605.333333333333,516.733333333333,692.033333333333,0.380333333333333,0.278666666666667,148.333333333333,243.666666666667,396.666666666667,1,0.3295,0.00549166633333333,96.64611089,88.1111111233333,0.0115582536864542,4.46931174175309,50.07,1.49333333333333,128.666666666667,483.332666666667,14.46,6.185,3.14166666666667,0.236666666666667,1.18666666666667,12.9816666666667,5.90666666666667,2.87666666666667,0.178333333333333,0.864,63.29438954,81.2265630483333,129.141613247778,60.4821163835421,28.5930942248493,78092.2535466731,122.69313912421,60.5586927943809,29.6993041833486,72.0483865609842,1.559212807485,48617.0318984033,91.1410033360548,213.959609834583,296.455173,7.89158530107257,0.364381054702006,0.0517034685261898,0.51915532976908,0.000141700150862436,8.71023790143986,0.336164241387382,0.0470494314621897,0.434824372512125,0.000141700150862436,12.9816666666667,0.235031364470192,0.0319451355388505,0.28363120143612,0.0208585384028705,"F",3,1,FALSE
"4","AMIN",2,10.7,10.8,11.4333333333333,10.9777777776667,66.6666666666667,60,65,63.88888889,150,4.96666666666667,0.966888889,59.5466666666667,26.2066666666667,457.9,477.666666666667,579.7,706.6,528.066666666667,740.866666666667,NA,NA,NA,NA,NA,1,NA,0.00555833333333333,100.149943633333,109.777777776667,0.00921447140281844,4.69281766759204,48.8333333333333,1.69,84.6666666666667,340.881666666667,12.845,4.3,2.01333333333333,0.21,1.16,11.0966666666667,2.39666666666667,1.85166666666667,0.143333333333333,0.364333333333333,38.62592036,108.010956916667,110.356528221519,39.2838151217781,19.6028024930206,29422.6135310175,100.707961570737,31.2405424617948,21.6678386592825,27.6134023979651,0.789095972611667,36799.6448252319,76.6241702847569,80.1910939813333,115.8689985,6.17024134958676,0.301734822641517,0.049881257107437,0.491611063390187,0.000124689284733964,5.13447837426669,0.373583568167972,0.063013174246885,0.4082636001138,0.000124689284733964,11.0966666666667,0.168409320796051,0.027789798103276,0.23550751911855,0.0199572797997513,"F",3,1,FALSE
"5","ANCA",2,12.7333333333333,12.3666666666667,11.8666666666667,12.3222222233333,63.3333333333333,70,71.6666666666667,68.3333333333333,150,14.1333333333333,0.905777777666667,62.5166666666667,27.8666666666667,531.9,544.666666666667,635.4,622.866666666667,580.333333333333,703.2,0.439333333333333,0.361333333333333,161.666666666667,254.666666666667,354.666666666667,1,0.400333333333333,0.00667222233333333,112.799592376667,123.222222233333,0.00819235266864934,4.80925311881102,43.89,2.76,161,473.397,14.6725,4.22625,1.94375,0.1875,1.80375,12.1475,3.73375,1.72625,0.2,0.404875,42.80747710875,106.8297821275,133.178499680557,44.9689953060076,14.4180430343935,35331.8377156788,122.041809333563,39.1235113697751,19.5418068090996,33.1860593320487,0.79149463564375,43018.4840418702,82.368454228614,87.9860724139375,128.121681375,6.51119490763357,0.26732747307406,0.0490855270528938,0.491399279682975,0.000119778382794695,6.61590296857965,0.269129083046366,0.0490756420416459,0.409011127694257,0.000119778382794695,12.1475,0.164112557125414,0.0294497466084626,0.216917520259777,0.0160153212486266,"F",3,1,FALSE
"6","ANCR",2,5.96666666666667,6.83333333333333,6.43333333333333,6.411111111,33.3333333333333,31.6666666666667,35,33.3333333333333,150,7.7,0.948666666666667,32.5533333333333,14.8666666666667,490.266666666667,535.8,529.5,508.933333333333,401.033333333333,623.8,0.187333333333333,0.136666666666667,293,487,752,1,0.162,0.0027,47.7028393866667,64.11111111,0.0158364440191251,4.15286784507312,49.1,1.43666666666667,103,411.289,9.91333333333333,4.70666666666667,2.06833333333333,0.266666666666667,0.658333333333333,9.475,4.53833333333333,1.48833333333333,0.233333333333333,0.6405,41.8040979916667,66.7651762216667,92.810704559954,46.6677852046788,24.9006173853087,43266.9585826242,87.2615215294462,45.4169869105212,16.2049316363212,26.887704747662,1.09464757173167,37568.9898049727,43.3274864436639,86.23333720895,95.7358073333333,6.39717345950617,0.236808295590413,0.0472125347163204,0.527338283554759,0.000105443247851236,6.47282770657326,0.253245037512235,0.0485239682204882,0.506560815169467,0.000105443247851236,9.475,0.157874110152459,0.0310430238587534,0.340299748316397,0.0270653005314594,"S",3,1,FALSE
"7","ASTO",2,9.4,9,8.6,9,72.5,70,76.6666666666667,73.0555555566667,150,9.5,0.936666666666667,55.4833333333333,28.4933333333333,562.266666666667,588.666666666667,635.3,584.466666666667,545,708.166666666667,0.256897436,0.397609125666667,131.333333333333,272.333333333333,369,1,0.327253280666667,0.00545422133333333,95.1701999533333,90,0.0111709754663746,4.49716546542141,NA,NA,NA,NA,15.62,6.77,2.375,0.403333333333333,0,14.3116666666667,5.66333333333333,2.405,0.323333333333333,1.10416666666667,68.2267930533333,64.4571149266667,148.49090457424,65.4266864218102,29.9869707092448,114080.650474993,134.960123627639,63.5606576271896,29.6267914739878,96.9165312869441,2.82529378775667,40092.6435989641,82.8344393579868,169.24504680815,271.841881,8.14521437203068,0.291000193090227,0.0542925123830894,0.57975668013131,0.00016315921345006,8.98997587527025,0.263532460493564,0.0491231368648636,0.458341420928476,0.00016315921345006,14.3116666666667,0.165067968220088,0.0307478524305495,0.299999989380857,0.028583807627167,"S",3,1,NA
"8","BADR",2,1.73333333333333,1.66666666666667,1.66666666666667,1.68888888866667,0,0,0,0,150,144.7,0.0353333333333333,0,0.0983333333333333,31.0666666666667,24.3766666666667,22.71,24.94,24.3766666666667,46.3166666666667,0,0,0,0,0,1,0,0,0,16.8888888866667,0.060030442842487,2.81988607856011,49.1166666666667,2.25666666666667,272.333333333333,710.624333333333,2.90166666666667,0.62,0.276666666666667,0.201666666666667,0.0983333333333333,2.77166666666667,0.488333333333333,0.208333333333333,0.201666666666667,0.0105,1.40439384566667,135.223212435,24.8242072878491,6.12426036355102,2.92779159125136,193.993508256069,22.6314125395326,5.52467880568633,3.19634229355044,0.171010871215701,0.0288686997253333,7658.172603622,17.8893361059145,0.388494085543333,0.5114935,1.17900861992037,0.177431460784993,0.0468646261370113,0.492116412375493,0.000116195175651963,1.15967690707773,0.179026544080652,0.0476055999710172,0.435981261047306,0.000116195175651963,2.77166666666667,0.0756849242469697,0.0201809469169489,0.200789007330223,0.165047697980814,"G",0,0,FALSE
"9","BALO",2,10.6,10.4333333333333,9.73333333333333,10.2555555566667,54.1666666666667,54.1666666666667,59.1666666666667,55.8333333333333,150,12.6333333333333,0.915777777666667,39.95,20.8666666666667,492.9,488.7,572,514.533333333333,476.966666666667,638.333333333333,0.349333333333333,0.305666666666667,181.333333333333,289.333333333333,417.666666666667,1,0.3275,0.00545833333333333,93.2967717766667,102.555555566667,0.00994332990170189,4.62069678160622,48.53,1.72333333333333,123.666666666667,455.412666666667,9.06,7.02,1.34666666666667,0.19,2.05833333333333,6.74333333333333,6.21,2.84833333333333,0.156666666666667,0.291833333333333,43.9675106316667,156.821708433333,75.7188994993533,72.4004136464676,14.0941994679838,33495.5905070276,67.8955042202078,56.8818353129047,27.2912514653796,40.8202287914337,0.856045790901667,36115.4689901403,142.44650901334,65.0995032534,90.7085345,6.53793475307109,0.430345576812414,0.0518423079415289,0.467185193150009,0.000140067877540146,6.39857677341074,0.45483908101231,0.0531427174851251,0.383436774739987,0.000140067877540146,6.74333333333333,0.472122728092884,0.0526830640539868,0.33794896352598,0.0291671469214115,"F",3,1,FALSE
"10","BARU",2,8.76666666666667,9.73333333333333,10.1666666666667,9.55555555566667,51.6666666666667,48.3333333333333,58.3333333333333,52.7777777766667,150,9.3,0.937999999666667,45.4933333333333,22.15,511.9,532.666666666667,604.733333333333,619.466666666667,493.5,699.9,0.286,0.285,173.333333333333,312.666666666667,455,1,0.2855,0.00475833333333333,83.12922872,95.5555555566667,0.0106481372647094,4.55130295159568,50.1533333333333,1.65,111.666666666667,399.262666666667,10.5883333333333,9.61666666666667,2.75666666666667,0.31,1.37666666666667,10.4,9.28333333333333,2.41,0.251666666666667,1.09,78.5489707383333,77.6469499216667,111.033580580525,91.7646277657585,24.6066345752889,100807.775951174,106.697122657547,92.9258615198313,24.7421494597732,99.2788373715264,2.47464236250333,44449.4165608207,97.2645310219163,215.373802822133,286.702177333333,8.82099920027119,0.275119981273975,0.0518781499355326,0.528933865048211,0.000144522596204692,9.7971250622926,0.250564692784583,0.0468690930576049,0.463790936733126,0.000144522596204692,10.4,0.236815581380803,0.0442669048344666,0.442412382673567,0.0241746161073397,"S",3,1,FALSE
"11","BYIN",2,3.66666666666667,3.33333333333333,3.33333333333333,3.44444444433333,12.1666666666667,8.33333333333333,8.33333333333333,9.61111111,150,100.4,0.330666666666667,3.7,2.177,252.466666666667,146.876666666667,82.86,152.82,110.776666666667,226.116666666667,0.0313333333333333,0.026,117.666666666667,244.666666666667,397.666666666667,1,0.0286666666666667,0.000477777666666667,7.55073820666667,34.4444444433333,0.0320803649550007,3.4929922298497,NA,NA,NA,NA,7.865,2.85333333333333,0.498333333333333,0.293333333333333,0.413333333333333,7.44,2.65333333333333,1.06,0.18,0.252833333333333,15.97333723,62.2746044783333,74.608494942817,29.4832760450233,7.05743556661832,6215.97989045569,71.8231653509608,29.0350185362935,10.7269121859985,8.70346484025716,0.473971214576667,13409.9684782562,32.0383720244252,7.73370018385,11.0592276666667,3.94195288986614,0.269302775013232,0.0506822041489628,0.463073714475974,0.000131924057596646,4.42438836697706,0.240693478421181,0.0450542351854063,0.387967743319091,0.000131924057596646,7.44,0.14363419573508,0.0268438581937572,0.233847290630802,0.060139101681415,NA,1,0.333333333333333,NA
"12","BYLA",2,8.06666666666667,8.66666666666667,8.2,8.311111111,50,45.8333333333333,53.3333333333333,49.7222222233333,150,8.83333333333333,0.941111111333333,49.5666666666667,21.3533333333333,552.3,573.9,639.4,553.933333333333,521.733333333333,638.233333333333,0.219,0.218333333333333,223.333333333333,389,565.666666666667,1,0.218666666666667,0.00364444466666667,63.8899784033333,83.11111111,0.0121446800158296,4.41544978571666,NA,NA,NA,NA,11.6266666666667,4.17666666666667,1.50333333333333,0.235,0.955,10.605,3.78333333333333,1.58666666666667,0.185,0.416333333333333,34.12057692,82.4211148066667,107.715781125335,42.4503595977109,15.0211365379968,26100.6525046619,98.207484819395,39.6614997077327,17.9199219787495,26.2907320007973,0.78968339076,32748.9196931269,62.9436237866168,51.8527636779167,73.4198851666667,5.82151401300886,0.272592118714848,0.0506444926960969,0.504326236776985,0.000130488195262473,6.29870521538663,0.254069325483228,0.0469457253509859,0.4234906819373,0.000130488195262473,10.605,0.150602481588784,0.0281028959005402,0.255793763358438,0.0230355134377795,"F",3,1,NA
"13","CAAD",2,5,5.16666666666667,4.56666666666667,4.91111111133333,30,28.88888889,31.38888889,30.0925925933333,150,11.7633333333333,0.921577777666667,23.6733333333333,10.8846666666667,455.333333333333,451.1,476.033333333333,471.133333333333,354.833333333333,562.533333333333,0.13663838,0.141607408666667,223.333333333333,418,599,1,0.139122894333333,0.002318715,40.0124085233333,49.1111111133333,0.0208980217822671,3.88155044662837,48.8466666666667,1.07333333333333,232.666666666667,641.172666666667,8.31666666666667,3.28333333333333,1.235,0.27,0.7075,7.41166666666667,3.58333333333333,1.13783333333333,0.268333333333333,0.252,18.03453382,74.4859943025,80.964501999067,32.0885689004953,15.2299998888963,13619.0198435419,67.8386940824126,22.113247529524,13.8526525571876,8.44265410773168,0.4871728786075,23828.1973059175,34.0816190032652,21.8538840663,34.90472,4.24500541905854,0.27007450360047,0.0481637318323081,0.530356150833197,0.000114068557834484,4.60423967431242,0.28403043849786,0.0501931788497246,0.460845110626737,0.000114068557834484,7.41166666666667,0.15418175218673,0.0271239684018445,0.288639219603011,0.0404005929717036,"S",3,1,FALSE
"14","CABR",2,7.8,7.56666666666667,7.56666666666667,7.64444444433333,35.8333333333333,40.8333333333333,38.3333333333333,38.3333333333333,150,10.9,0.927333333333333,35.51,19.48,551.166666666667,529.066666666667,555.433333333333,535.366666666667,480.066666666667,661.333333333333,NA,NA,NA,NA,NA,1,NA,0.00356762466666667,61.9459307866667,76.4444444433333,0.0134358583425315,4.32269237759426,50.7033333333333,1.25333333333333,129.333333333333,537.827333333333,14.4733333333333,10.115,3.50333333333333,0.376666666666667,0.605,13.2233333333333,8.26166666666667,3.02,0.401666666666667,1.41566666666667,94.2381030283333,67.3408028566667,132.432464448896,89.9762506985409,45.6499688833511,214755.785589368,128.056570502499,86.0143918301894,33.5842382006556,164.578647386196,3.47025419406167,58841.5486826317,110.216582290136,346.549631232367,565.134743,9.52452087285849,0.323191352245188,0.0564548218389603,0.602809174222678,0.000189057896797712,10.3993077232312,0.319888957318172,0.053094401343182,0.471463731970711,0.000189057896797712,13.2233333333333,0.24568870935818,0.0411668255244572,0.399550752473802,0.0329356089691465,"S",3,1,FALSE
"15","CAGU",2,9.83333333333333,9.6,8.9,9.44444444433333,45,45.8333333333333,46.6666666666667,45.8333333333333,150,9.83333333333333,0.934444444333333,39.5766666666667,16.9333333333333,396.533333333333,409.1,414.4,543.866666666667,418.3,635.166666666667,0.204333333333333,0.190333333333333,166.333333333333,344.333333333333,539.666666666667,1,0.197333333333333,0.003288889,57.2407863933333,94.4444444433333,0.010863122678715,4.53486179684864,47.7533333333333,1.96666666666667,339.333333333333,1079.93433333333,11.18,4.56666666666667,1.67,0.21,0.793333333333333,10.5283333333333,2.61166666666667,1.84666666666667,0.275,0.3365,38.9581180216667,122.787976608333,101.905656940195,46.2126849015416,18.6853537208013,36413.4726826855,98.6230977105165,28.6021166982106,18.7219287179941,22.3917367796508,0.783033583283333,42615.5715938951,64.3211842418204,72.334089979,96.7587288333333,6.11805039837358,0.298334218056512,0.0440550817784317,0.510519662805106,8.59396278046237e-05,5.20513133133586,0.353401425606359,0.052053413451593,0.437001520908084,8.59396278046237e-05,10.5283333333333,0.173273900630897,0.0255228073128402,0.279039938417555,0.0252784245966142,"F",3,1,FALSE
"16","CASYf",2,7.16666666666667,6.86666666666667,7,7.011111111,40.5555555566667,37.5,48.88888889,42.3148148166667,150,17.6666666666667,0.882222222333333,39.9433333333333,12.12,534.8,504.2,507.833333333333,468.633333333333,434.033333333333,572.066666666667,0.201235294666667,0.172666667,NA,NA,NA,1,0.186950980666667,0.00311584966666667,51.27238277,70.11111111,0.0144987599891406,4.24164051734159,NA,NA,NA,NA,8.81666666666667,2.65333333333333,1.15,0.15,0.465,8.1,1.31333333333333,1.07333333333333,0.145,0.1478,16.5521711975,114.012500125,84.0589503800259,26.6553892948056,13.5701516238774,12347.6618508013,79.0348289323628,17.4495660475081,13.6514184854797,7.75233945058215,0.2437108566775,42587.5041685262,55.0385003233158,20.397360818975,27.652084,4.03493738039509,0.249060202866753,0.0483331185588835,0.535823689565838,0.000121350459567298,3.24715322350514,0.330746439431514,0.0614427026652806,0.468029561264166,0.000121350459567298,8.1,0.135065292737822,0.0248998960313473,0.257502511764311,0.0239073424743905,NA,3,1,NA
"17","CASYs",2,4.8,4.83333333333333,5.16666666666667,4.93333333333333,29.1666666666667,28.3333333333333,36.6666666666667,31.38888889,150,47.0333333333333,0.686444444333333,19.23,7.04766666666667,532.666666666667,448.533333333333,505.466666666667,436.366666666667,275.266666666667,504.766666666667,0.147666666666667,0.138666666666667,247.333333333333,495.333333333333,762,1,0.143166666666667,0.00238611133333333,30.5297344433333,49.3333333333333,0.0206907787556224,3.88824733139701,NA,NA,NA,NA,7.4,1.52666666666667,1.49,0.166666666666667,0.433333333333333,7.34666666666667,1.285,0.926666666666667,0.203333333333333,0.1295,11.4630236688333,88.50352486,64.3649089960279,16.5789690938273,13.673182947549,5485.9455159773,62.3261120330646,16.177381249362,9.76753546031879,4.51182809372463,0.189781579820167,32177.3117307882,34.1193203733725,16.861168906035,16.1706495,3.37121195988857,0.276401401254506,0.0481844295323539,0.51537230022049,0.000114329842225561,3.06693145228003,0.304057468756868,0.0534042253386021,0.520912209267377,0.000114329842225561,7.34666666666667,0.126387513310458,0.0221738481213705,0.236046751685639,0.0303222291888152,NA,3,1,NA
"18","CHLA",2,3.7,3.9,3.86666666666667,3.82222222233333,30.8333333333333,32.5,35.8333333333333,33.0555555566667,150,32.7,0.782,16.28,8.306,433.4,417.366666666667,451.866666666667,388.466666666667,336.033333333333,552.633333333333,0.16,0.143,245.333333333333,470.333333333333,723,1,0.1515,0.002525,36.85886945,38.2222222233333,0.0262675393816216,3.64143948792206,NA,NA,NA,NA,7.39,1.67166666666667,0.643333333333333,0.365,0.776666666666667,7.02333333333333,2.28833333333333,0.781666666666667,0.25,0.1135,8.567115483,76.2402754516667,70.0851053787125,16.7365918662854,7.60979874591459,3365.54496919419,59.4603886423078,13.0278157525222,8.81043533359774,2.81105311561535,0.312121956428667,10000.3717642623,25.5444470599837,6.619086762715,8.869366,2.89514731318455,0.266327576872958,0.0480524474014472,0.494783009048482,0.000118520423305772,3.54880106738538,0.275301784088222,0.0466867196659717,0.408881171839637,0.000118520423305772,7.02333333333333,0.112299674576649,0.0198702486875504,0.193489236729971,0.0722350289194607,NA,3,1,NA
"19","COLA",2,3.46666666666667,3.6,3.4,3.488888889,21.8333333333333,17.6666666666667,19.1666666666667,19.5555555556667,150,74.4333333333333,0.503777778,13.3166666666667,4.40633333333333,400,290,276.786666666667,437.5,172.426666666667,504.2,0.121,0.091,412,766.333333333333,558,1,0.106,0.00176666666666667,18.65651967,34.88888889,0.0291127921004093,3.54448409203706,50.1766666666667,2.03,117.333333333333,459.529333333333,4.6,2.61666666666667,0.555,0.15,0.198333333333333,4.39833333333333,2.59666666666667,0.683333333333333,0.141666666666667,0.121166666666667,10.3618789171667,88.4208474283333,44.6160308347877,26.8117847739548,7.23438703383956,3969.88267109397,43.0325596919012,27.0414768911258,9.10651749711575,5.11046453653135,0.159455881794333,22965.4597686536,41.7445738653436,5.60929093166167,6.73861,3.1519389490305,0.218598615625005,0.0533159643527367,0.475515299019743,0.000153608207351278,3.37288444968219,0.20465765428629,0.0499226076525631,0.437282705867109,0.000153608207351278,4.39833333333333,0.158988892955224,0.0386717605699557,0.331964863243311,0.0383125661832121,"G",3,1,FALSE
"20","CRFL",2,11.9333333333333,12.5666666666667,11.8666666666667,12.12222222,65.8333333333333,64.1666666666667,67.5,65.8333333366667,150,11.8333333333333,0.921111111333333,62.8833333333333,27.3033333333333,509.7,510.233333333333,625.5,613.9,540.6,685.666666666667,0.28,0.291333333333333,129.333333333333,262.333333333333,390.666666666667,1,0.285666666666667,0.004761111,81.6497108333333,121.2222222,0.00827428737311973,4.79613321396713,NA,NA,NA,NA,16.4,6.38833333333333,2.12,0.261666666666667,3.55833333333333,12.6616666666667,3.92333333333333,2.57833333333333,0.27,0.638666666666667,63.9008041,101.783908776667,133.952425201609,65.7181490423972,32.9766406375602,93200.9928904189,115.965950507089,50.7540556938019,33.3948468788539,63.6334744182681,1.6463038759,57443.6957803096,100.319163381993,139.711078168117,221.887431333333,7.95519654996634,0.320443521094251,0.0490456157394281,0.554132717993109,0.000120976235618317,6.98155204515041,0.381309396489455,0.0574896960379694,0.435387555095407,0.000120976235618317,12.6616666666667,0.201607496426637,0.030871930310539,0.272759108980743,0.021328796512543,"F",3,1,NA
"21","CUVE",2,11.6,11.5,11.2,11.433333331,73.88888889,70.2777777766667,76.11111111,73.4259259233333,150,9.43333333333333,0.937111111333333,63.6133333333333,28.43,493.6,561.6,549,603.9,492.033333333333,712.8,0.500909090333333,0.383333332333333,NA,NA,NA,1,0.442121211333333,0.00736868666666667,128.994035766667,114.33333331,0.00896001560120217,4.72665817132237,48.92,2.02,208.333333333333,813.874333333333,13.21,4.305,1.4125,0.21,0.355,11.9,3.035,2.61,0.2075,0.357,44.5408786575,124.678639925,119.772239652809,45.2411836467662,12.4508860268289,33454.6081889739,110.79517872934,40.0963437622259,26.3295116164766,44.3482340921274,0.93728070603,34797.2340996713,119.744098087189,64.338818271925,82.6968985,6.62909091934524,0.391638986348977,0.0516624485273793,0.473142223466429,0.000142011430837225,5.97428073070837,0.447313171110159,0.0582996800924658,0.41592403380536,0.000142011430837225,11.9,0.218800944558732,0.0288725575725894,0.237970063756387,0.0235239488760073,"F",3,1,FALSE
"22","DAFA",2,7.16666666666667,6.63333333333333,6.73333333333333,6.84444444433333,40.8333333333333,35,39.1666666666667,38.3333333333333,150,56.6333333333333,0.622444444333333,25.8966666666667,13.1223333333333,361.716666666667,318.626666666667,380.42,410.926666666667,269.513333333333,433.84,0.195,0.166333333333333,122,210.333333333333,311.333333333333,1,0.180666666666667,0.00301111133333333,50.7581923266667,68.4444444433333,0.0161365414813922,4.17437211980763,NA,NA,NA,NA,10.4833333333333,1.67166666666667,0.806666666666667,0.215,0.545,8.6,1.57666666666667,1.84666666666667,0.145,0.123,12.945900035,106.090398433333,99.4560302103991,18.4066611831232,8.77738077678265,5710.62614849267,81.5587444418935,26.8382639639137,14.7744844664026,12.5172134036696,0.275365279636667,20130.5659602039,99.5588906581318,10.9216304873,14.3070513333333,3.59008044328951,0.515215377262457,0.0628455611472749,0.482002053420388,0.000256712750464134,3.65684231774155,0.515209330451678,0.0621721218066526,0.416957620838908,0.000256712750464134,8.6,0.224950292461459,0.0268246052518672,0.166838771808063,0.0361255549381481,"F",2,0.666666666666667,NA
"23","DARA",2,4.63333333333333,4.43333333333333,4.23333333333333,4.43333333366667,4.33333333333333,0.333333333333333,7.5,4.05555555666667,150,113.1,0.246,1.84966666666667,1.10133333333333,171.573333333333,40.0366666666667,116.123333333333,35.11,41.6933333333333,127.193333333333,0,0,143.666666666667,0,599.666666666667,1,0,0,0,44.3333333366667,0.0227483585250312,3.78747675216043,44.7633333333333,2.16333333333333,150.666666666667,583.770666666667,8.76333333333333,1.97166666666667,0.661666666666667,0.261666666666667,0.416666666666667,8.18,1.77833333333333,1.38333333333333,0.138333333333333,0.1015,12.1857534066,119.852413234,82.8103626842894,21.3986742168184,7.5233327152203,4980.65290910209,75.854578148198,20.3938998688117,14.3336919648364,7.31881658843931,0.3164849584322,15330.3665835944,72.9237153110483,7.7424929026,11.3853863333333,3.47770487787259,0.36148006427435,0.054860566074187,0.484955389219437,0.000165438345869128,3.80431273829828,0.369274945436476,0.0507666261035142,0.40984494492032,0.000165438345869128,8.18,0.171937441065398,0.0236894905500049,0.194045635487282,0.0709311655388698,"G",0,0,FALSE
"24","DIBU",2,10.6,11.0666666666667,11.1666666666667,10.9444444466667,65.5555555566667,50.2777777766667,56.38888889,57.4074074066667,150,6.46333333333333,0.956911111,50.3066666666667,24.46,545.2,578.833333333333,666.733333333333,663.766666666667,513.766666666667,742.566666666667,NA,NA,NA,NA,NA,1,NA,0.00470639533333333,83.8661231033333,109.444444466667,0.0091837873587657,4.69282658940719,NA,NA,NA,NA,16.7714285714286,8.89857142857143,4.25571428571429,0.478571428571429,1.08142857142857,15.36125,6.66875,3.5925,0.41,1.55257142857143,84.93343229,45.9833775166667,147.847888280013,97.3515341880219,45.8098496746614,238835.550174006,143.958718568657,77.8083185335568,40.4473613783534,181.717627947889,4.049022583255,60509.631289691,78.5225151221617,422.50415306305,727.758122857143,9.06055058661137,0.377344706946815,0.0616255959554348,0.662785540329441,0.000242797693579425,9.96584600446307,0.363287482475713,0.0543922193037706,0.484500062794867,0.000242797693579425,15.36125,0.230819650167099,0.0347124838820481,0.354563759458519,0.0239508223139656,"S",3,1,NA
"25","DUFU",2,4.86666666666667,5.2,5,5.022222222,30.8333333333333,31.6666666666667,33.3333333333333,32.7777777766667,150,22.2333333333333,0.851777777666667,24.78,13.74,588.9,503.733333333333,533.566666666667,528.2,398.966666666667,627.933333333333,NA,NA,NA,NA,NA,1,NA,0.00226667033333333,35.9342559466667,50.22222222,0.019989883305913,3.9145144122243,48,1.78,87.3333333333333,367.915333333333,11.24,3.97833333333333,1.16,0.343333333333333,0.426666666666667,10.054972996,3.6702923945,1.94808136416667,0.313333333333333,0.629833333333333,32.9838408433333,52.935557835,105.685161545415,39.2114225764775,15.5917033471696,23916.8571277001,97.355933197711,39.1927244136739,20.7352410175611,27.9568492236042,1.12909821974333,21740.0860584505,45.3604077563599,39.9513155590667,53.947415,5.70714628222091,0.345875669282562,0.0531298457213715,0.495274181562661,0.000151866153881926,6.04855257654205,0.325709518322874,0.0501677589515995,0.423064094321542,0.000151866153881926,10.054972996,0.2017013034168,0.0306292856796814,0.251029314419063,0.035835736946679,"S",3,1,FALSE
"26","ERDE",2,3.43333333333333,4.06666666666667,3.66666666666667,3.72222222233333,14,16.6666666666667,11,13.8888888866667,150,42.2666666666667,0.718222222,12.5723333333333,3.77066666666667,407,360.8,320.9,374.266666666667,199,534.066666666667,0.074,0.0453333333333333,635,1203,1096.33333333333,1,0.0596666666666667,0.000994444333333333,13.6083368693333,37.2222222233333,0.0268910040876599,3.61643730520939,NA,NA,NA,NA,8.185,2.85666666666667,0.861666666666667,0.24,0.455,7.68333333333333,2.46333333333333,0.830833333333333,0.188333333333333,0.2455,18.0199639596667,76.9097920066667,74.973808744663,29.7122717235865,9.74776274727992,8964.96308252047,72.5672166188833,25.2487839881988,12.503809894093,8.46336486068212,0.432770520351667,20159.5050017991,36.074217791363,15.5696172472667,20.1095863333333,4.19271940617648,0.207777668391242,0.0478632382065406,0.487121808620371,0.000111301863021495,4.30121816496956,0.218392078523478,0.0482851965609494,0.425986231500677,0.000111301863021495,7.68333333333333,0.121224869869936,0.026754414169373,0.256383679362425,0.0474038037955004,"G",3,1,NA
"27","ERGR",2,6.43333333333333,5.83333333333333,5.46666666666667,5.91111111133333,28.3333333333333,33.3333333333333,30.8333333333333,30.8333333333333,150,16.4333333333333,0.890444444666667,21.4566666666667,11.3233333333333,447.7,434.133333333333,522.866666666667,472.7,337.033333333333,594.5,0.191,0.135333333333333,360.666666666667,554.666666666667,825,1,0.163166666666667,0.00271944433333333,45.12921002,59.1111111133333,0.0170686574427777,4.07489028140347,48.06,1.29333333333333,92,404.033,10.29,4.725,2.34666666666667,0.366666666666667,0.548333333333333,9.345,4.625,2.47333333333333,0.308333333333333,0.632833333333333,40.18714782,64.5870670983333,101.43683955701,49.4711607895878,22.8397466650072,40895.7273481211,89.7001220567942,49.535047818758,26.8594119874348,44.288353757211,1.473178260275,27209.3371643337,69.5788564192637,96.7745905576833,116.1806945,6.3299781620781,0.389864072064237,0.0552767780093969,0.535116493805322,0.000171675719730472,6.53196795633002,0.389249794941865,0.0540837869252707,0.487496959645921,0.000171675719730472,9.345,0.289489349837192,0.0391146962562852,0.332946084532612,0.0397342771821668,"S",3,1,FALSE
"28","ERSU",2,6.93333333333333,7.3,7.16666666666667,7.13333333333333,28.3333333333333,28.0555555566667,31.38888889,29.2592592566667,150,26.3666666666667,0.824222222333333,24.7833333333333,12.19,398.833333333333,505.133333333333,475.366666666667,540.833333333333,353.533333333333,588.466666666667,0.161550724666667,0.134787879,NA,NA,NA,1,0.148169301666667,0.00246948833333333,37.84611857,71.3333333333333,0.014083388552373,4.26509782224341,45.44,1.64,41.3333333333333,205.991333333333,9.146,4.442,2.934,0.298,0.52,9.55166666666667,3.90166666666667,2.59166666666667,0.246666666666667,0.516333333333333,31.868796478,64.878055494,90.708031800451,47.1087043362675,32.7879866276485,52405.0512678418,89.5245605214358,42.2962400444416,27.2793157437962,40.0434634534072,0.95632425224,48925.3166064923,75.1572450061739,88.91181070765,121.0569844,5.61837009011163,0.438728391564227,0.0581641523305538,0.653826661570768,0.000199289741554611,6.07534934491724,0.431010638830515,0.0554634461665458,0.572134580461305,0.000199289741554611,9.55166666666667,0.2755706832771,0.0356261049506686,0.401196514546609,0.0260844790697614,"S",3,1,FALSE
"29","ERTO",2,8.7,8.43333333333333,9.76666666666667,8.96666666766667,49.1666666666667,53.3333333333333,55,52.5,150,6.5,0.956666666666667,46.6066666666667,23.2833333333333,512.7,517.766666666667,583.8,585.933333333333,527.4,685.6,NA,NA,NA,NA,NA,1,NA,0.004355783,77.7232457533333,89.6666666766667,0.0115621809485777,4.47759497902628,NA,NA,NA,NA,13.91,3.93833333333333,2.04166666666667,0.238333333333333,0.353333333333333,13.25,2.38833333333333,1.795,0.2,0.558666666666667,41.5663326366667,74.92175931,132.892132821627,40.2433081151967,21.3834005471493,43718.9876590174,127.293850360363,29.3525409874327,21.6102624063742,32.0473145385275,1.014041878695,43846.7406293913,55.6747630499523,82.3183792076333,110.529225666667,6.39295063550706,0.284144177348501,0.0486597652327677,0.541136699252637,0.000116037714363864,5.58364952055285,0.33193985237415,0.0561851172512425,0.469667906377341,0.000116037714363864,13.25,0.138163730524284,0.0235669433248085,0.249883541469741,0.0209866390648699,"S",3,1,NA
"30","FAMO",2,12,13.2333333333333,12.8666666666667,12.7,66.6666666666667,63.3333333333333,63.3333333333333,64.4444444433333,150,13.9,0.907333333333333,62.1533333333333,24.06,529.333333333333,561.6,574,694.3,545.9,697.766666666667,0.375333333333333,0.249,193,289,434,1,0.312166666666667,0.00520277766666667,87.92263499,127,0.00790142547939697,4.84244881863711,NA,NA,NA,NA,16.3466666666667,5.43,1.95,0.19,1.14333333333333,12.9766666666667,4.73166666666667,3.24166666666667,0.171666666666667,0.5115,60.5148968916667,125.093088181667,147.826266336719,57.0935091552308,18.7348229802264,53138.0260584381,113.891875808866,54.0259826389351,36.5292248772978,72.7809708340925,1.15179928542,46785.6716461107,149.852130900442,121.1175241931,178.352747333333,7.75938028947501,0.413480155038854,0.0534089318532982,0.48038638409258,0.000155391480668868,7.82454991170107,0.418244669603324,0.0532925988285272,0.396475413439468,0.000155391480668868,12.9766666666667,0.254365262071511,0.0322040844953572,0.229121544428239,0.0177924852804864,"F",3,1,NA
"31","GOBA",2,10.4666666666667,11.3666666666667,11.2333333333333,11.0222222223333,71.6666666666667,72.5,81.6666666666667,75.2777777766667,150,5.96666666666667,0.960222222333333,71.0233333333333,30.21,476.033333333333,524.333333333333,595.6,602.9,615.2,724.766666666667,0.399476190333333,0.370363636333333,310,377,453.333333333333,1,0.384919913333333,0.006415332,114.726655386667,110.222222223333,0.00914315953991211,4.69858734544002,47.1533333333333,2.20333333333333,230,821.825,12.2433333333333,6.00833333333333,3.664,0.742,3.335,11.2833333333333,2.68166666666667,1.98,0.285,0.507333333333333,45.5027285883333,90.4354930233333,115.711274317952,50.0995565719176,35.3973370729674,74970.654302442,108.111910745413,33.6686459151831,24.5176436056683,33.0868602418987,3.489267888758,24635.4711520761,63.9607955793741,182.19702413458,298.6228518,6.69739866278656,0.294961909270857,0.0472259943414457,0.606909009567107,0.000107468138941752,5.36638339408559,0.38020634696993,0.060901326136906,0.477656182448471,0.000107468138941752,11.2833333333333,0.175099708050095,0.028120110331339,0.33493389417139,0.0628835735566492,"S",3,1,FALSE
"32","GOPO",2,6.86666666666667,7.03333333333333,6.53333333333333,6.81111111133333,58.3333333333333,58.3333333333333,59.4444444433333,58.7037037033333,150,9.9,0.934,44.38,20.38,512.8,597.033333333333,605.366666666667,559.2,520.6,657.633333333333,0.259078541333333,0.192704772333333,NA,NA,NA,1,0.225891657,0.003764861,65.38431078,68.1111111133333,0.0150062911337688,4.21059200532832,48.24,2.03666666666667,92.6666666666667,330.449666666667,13.94,4.806,2.25,0.385,1.52,12.066,1.804,1.77,0.308,0.6194,41.9826938125,69.77626725,123.328935581153,46.1993778364971,19.9875764750463,44481.6912145582,113.153551611924,25.3528049976528,20.6733223112646,26.5173002415339,1.6096363506175,25735.6046543091,44.1508337939329,99.191149465025,155.6086475,6.44839915675789,0.286739281142329,0.0458010456777142,0.533835537248649,0.000100771714215285,4.6364974256694,0.379850954512661,0.0629298271612289,0.427016886531754,0.000100771714215285,12.066,0.146014839347464,0.0240620131569504,0.252337239031621,0.0389968868208966,"G",3,1,FALSE
"33","GUNI",2,10.1666666666667,9.93333333333333,9.96666666666667,10.022222221,53.3333333333333,54.1666666666667,58.3333333333333,55.2777777766667,150,12.4333333333333,0.917111111333333,42.9066666666667,20.8066666666667,461.1,465.766666666667,537.133333333333,548.566666666667,458.633333333333,592.5,0.314425076333333,0.248504065,181,308,454,1,0.281464570666667,0.00469107633333333,80.0599152666667,100.22222221,0.0100589747668528,4.60325581024701,46.3166666666667,2.44333333333333,171.666666666667,675.093666666667,12.38,3.36833333333333,1.035,0.176666666666667,0.491666666666667,9.58166666666667,2.9,1.95,0.146666666666667,0.216166666666667,27.9657146783333,131.231252216667,116.468973483023,33.8646631305154,12.3252416042522,19059.286462703,80.7406103495082,31.3393201537011,24.9394424990826,21.0737182360728,0.486744080278333,38863.8848493128,98.7014124409209,29.0900322622833,43.820154,5.26734852387631,0.368842248092867,0.0520876972189128,0.501944648874114,0.000143604161588318,5.18150405510853,0.39530150896761,0.054076059235057,0.410187452841229,0.000143604161588318,9.58166666666667,0.235453274256725,0.031404276009372,0.21403806987539,0.0226498677938384,"F",3,1,FALSE
"34","GUVI",2,16.6666666666667,17.1666666666667,16.8,16.8777777766667,88.3333333333333,88.3333333333333,93.3333333333333,90,150,8.9,0.940666666666667,61.78,29.0933333333333,650.466666666667,630.6,675.566666666667,681.366666666667,484.066666666667,737.2,0.642666666666667,0.455666666666667,109.666666666667,167,247,1,0.549166666666667,0.00915277766666667,160.4052525,168.777777766667,0.00594928906962142,5.12653867004503,NA,NA,NA,NA,17.3666666666667,7.16,1.14333333333333,0.201666666666667,4.83166666666667,15.6416666666667,5.73666666666667,1.84333333333333,0.18,0.534,66.5129613583333,134.138829666667,166.182587378994,75.1405922736181,21.1378476661328,73461.2566557971,139.014486831881,60.2937991494457,22.3716123333525,61.4780649676163,1.33218354829167,55037.6126652692,126.385857453626,77.7637291793667,140.746718333333,8.13530893048583,0.226604270415495,0.0480762673668103,0.509788701340763,0.000113651004166939,9.32746641323327,0.2057281010061,0.0423188845175719,0.374924374880866,0.000113651004166939,15.6416666666667,0.116797166085515,0.0251873480363055,0.243023260503082,0.0148418446115751,"F",3,1,NA
"35","HEAP",1,5.6,5,5.2,5.266666667,27.5,22.5,22.5,24.16666667,150,53.7,0.642,15.54,4.072,464.9,314.7,431.3,393.4,204.7,524.8,0.121,0.145,200,497,746,1,0.133,0.002216667,26.5009682,52.66666667,0.0189873417709502,3.96398274442215,NA,NA,NA,NA,8.025,1.77,0.32,0.18,0,6.455,1.35,1.06,0.195,0.084,9.630339163,116.0605535,71.3297648887774,18.5549451080343,5.9976344849559,3052.91637346175,59.2678945736437,17.9233855459442,18.6935604144715,5.33578605468641,0.175170832468,17788.0720942741,62.0247561195819,3.13645035818,4.644315,3.09978732594619,0.341656916305176,0.0556215743420474,0.467663843751777,0.000173763005732351,2.94842766991775,0.359853841540659,0.0587181221102448,0.385266657890611,0.000173763005732351,6.455,0.165497097154971,0.0270549589137187,0.180496730714319,0.0395955769568068,"F",1,0.333333333333333,NA
"36","KICO",2,8.7,8.13333333333333,7.73333333333333,8.18888888866667,53.3333333333333,47.5,48.3333333333333,49.7222222233333,150,4.93333333333333,0.967111111,41.0566666666667,19.3366666666667,568.9,533,635.933333333333,534.066666666667,521.8,691.833333333333,0.195419913666667,0.240414414333333,621.333333333333,765,879,1,0.217917163666667,0.003631953,65.4020180833333,81.8888888866667,0.0123256959425747,4.40068310113752,48.7033333333333,1.16666666666667,63.3333333333333,237.463333333333,16.38,5.55666666666667,1.06666666666667,0.371666666666667,0.721666666666667,13.61,4.26857142857143,2.87285714285714,0.275714285714286,1.04242857142857,59.9632402875,59.6102985285714,160.357672129629,56.8240118711691,21.1606725958844,62902.3204619661,127.790450257287,46.5813314129494,37.050000846099,65.4942719399164,2.12632855498333,26404.5957512833,66.9557339366958,65.9665718907667,110.376494,7.6963066272913,0.385143106287189,0.0530995446080417,0.496871121108395,0.000152206066431274,7.54925489564023,0.387710963227992,0.0532271475410737,0.385876061723624,0.000152206066431274,13.61,0.228047116824692,0.0307166498822232,0.225613790190447,0.0251417506782474,"S",3,1,FALSE
"37","LAHA",2,7.1,7.16666666666667,8.03333333333333,7.43333333333333,51.6666666666667,53.3333333333333,53.3333333333333,52.77777778,150,12.3,0.918,41.06,19.8166666666667,452.533333333333,441.566666666667,557.833333333333,488.8,484.366666666667,628.766666666667,0.256666666666667,0.264,197,342.666666666667,485.666666666667,1,0.260333333333333,0.004338889,74.2809509466667,74.3333333333333,0.0135189545904477,4.30607927730621,46.23,1.77333333333333,588,879.631,11.7883333333333,3.63833333333333,1.06333333333333,0.215,0.616666666666667,9.52833333333333,1.54,1.39833333333333,0.161666666666667,0.234166666666667,31.1042508133333,135.538619583333,106.435754201285,36.8179690124639,13.0111496275806,19582.9585117968,88.4037186282231,24.8357415771811,17.3427684376549,14.4075979817718,0.668141793926667,28216.6031882269,60.6628024071332,31.9617633156667,43.9566686666667,5.54489668753032,0.250620671712669,0.0430919248228924,0.475786489273128,8.12140889851124e-05,3.73058293940042,0.37440322803577,0.0658748471651613,0.404285889344944,8.12140889851124e-05,9.52833333333333,0.148697431973407,0.0256644022722193,0.22642544188563,0.0385732892757646,"F",3,1,FALSE
"38","LEEL",2,4.76666666666667,5.2,4.46666666666667,4.81111111133333,32.7777777766667,32.77777778,35.2777777766667,33.61111111,150,44.23,0.705133333333333,23.4866666666667,10.7366666666667,526.066666666667,441.233333333333,613.1,525.633333333333,390.733333333333,538.4,0.180439614333333,0.153278074,NA,NA,NA,1,0.166858844333333,0.002780981,36.57780412,48.1111111133333,0.0207948932988063,3.87328158841066,49.5766666666667,2.15,87,426.293,6.35,3.00666666666667,1.14333333333333,0.28,0.738333333333333,5.98166666666667,2.64166666666667,1.24666666666667,0.256666666666667,0.216833333333333,12.8358046736667,61.6492765233333,63.8054480720763,30.5539622302366,10.0552613700709,7359.85418568619,59.8582196380268,29.1721605174526,13.67281393085,9.79179852564633,0.360374153771,19179.7675844086,42.3595589493581,15.85899062283,24.478118,3.511931333798,0.353111460896589,0.0584065283694604,0.532109924859438,0.000200447804331528,3.93820094039407,0.337343991921456,0.0530348000618269,0.428141429593157,0.000200447804331528,5.98166666666667,0.206477802577965,0.03429340091777,0.29487792434607,0.034560839701686,"S",3,1,FALSE
"39","LUCA",2,17.0666666666667,16.6333333333333,17.9,17.2,93.3333333333333,95.8333333333333,102.5,97.2222222233333,150,9.46666666666667,0.936888889,59.9233333333333,27.5766666666667,646.6,642.566666666667,646.933333333333,650.633333333333,508.2,662.133333333333,0.728,0.514666666666667,102.666666666667,156.666666666667,231,1,0.621333333333333,0.0103555556666667,180.612846866667,172,0.00598400210574023,5.13274722134765,47.3,1.98,336.666666666667,1142.87666666667,12.3716666666667,6.29166666666667,1.37833333333333,0.18,0.786666666666667,10.2566666666667,5.01666666666667,2.61333333333333,0.195,0.287,50.24317311,183.079877733333,112.677089402873,63.4573495211109,16.7735622525252,43144.1576548568,94.6975901252436,51.5741058678642,25.8094270814611,46.005187271888,0.909068456653333,46070.9512229031,164.548117781457,73.24173870085,113.753481,7.05203614318237,0.371937836399896,0.0502870637991355,0.487995806561192,0.000127679195055939,7.14225550789623,0.371767166369903,0.0498308368221316,0.390572273219822,0.000127679195055939,10.2566666666667,0.258793572104383,0.0349035232830918,0.279877038205291,0.0189542423654201,"F",3,1,FALSE
"40","LUGR",2,15.6,15.6333333333333,14.5333333333333,15.2555555533333,68.3333333333333,75.8333333333333,78.3333333333333,74.1666666666667,150,7.43333333333333,0.950444444666667,69.54,31.1266666666667,673.766666666667,665.6,656.2,685.333333333333,602.2,734.866666666667,0.512333333333333,0.431666666666667,144,224.333333333333,309.333333333333,1,0.472,0.00786666666666667,138.876668666667,152.555555533333,0.0066592915563121,5.01984295433801,46.5566666666667,2.23,306.666666666667,1123.62466666667,12.4483333333333,9.24166666666667,2.74666666666667,0.256666666666667,0.751666666666667,11.7183333333333,8.29666666666667,2.335,0.19,0.783833333333333,88.83620226,114.145953695,120.156517503101,91.6549476934429,30.2763630585811,120786.936900567,113.500768969135,82.2162929355346,24.4465273204166,93.33997898406,2.23734725778333,56484.7232225929,119.077421361378,245.143310084133,317.923065333333,9.3967763192493,0.248003536691853,0.0479318527622734,0.525837282827051,0.000110667223948612,9.84250810470575,0.237180279536165,0.0457523196545106,0.460897623100487,0.000110667223948612,11.7183333333333,0.199835134398285,0.0386104511591353,0.397739815329621,0.0190080557545753,"G",3,1,FALSE
"41","MAAC",2,5.6,5.86666666666667,5,5.48888888866667,45.8333333333333,40,43.88888889,43.2407407433333,150,39.03,0.739799999666667,31.44,11.94,573.033333333333,440.633333333333,573.5,522.1,345.8,571.6,0.198550724666667,0.2215,805.333333333333,895.666666666667,972.666666666667,1,0.210025362333333,0.003500423,48.11779213,54.8888888866667,0.0182196717720409,4.00528219897932,48.6733333333333,3.55666666666667,72,338.284,6.91833333333333,2.415,1.40833333333333,0.211666666666667,0.446666666666667,6.46571428571429,1.94428571428571,1.06571428571429,0.215714285714286,0.125571428571429,11.8182678815,96.08414184,65.3053777528232,23.3755910660059,13.2968684610074,7410.8904941668,65.933505799257,21.793608023486,12.2911792316637,7.3932336272196,0.256999880282167,28916.1835527843,58.0251454979582,17.581693989435,25.3632911666667,3.39822999052177,0.319555924623551,0.0570620557953121,0.564014226212371,0.000187503149519747,3.51897130470977,0.306701628602165,0.0546121365022795,0.469987465524443,0.000187503149519747,6.46571428571429,0.168447016726455,0.029711255181388,0.2772078338449,0.0372891629685599,"S",3,1,FALSE
"42","MABR",2,3.96666666666667,3.83333333333333,3.53333333333333,3.77777777766667,18,20.8333333333333,22,20.27777778,150,68.8,0.541333333333333,8.87966666666667,6.60166666666667,292.26,248.233333333333,479.066666666667,403.333333333333,202.6,465.6,NA,NA,NA,NA,NA,1,NA,0.00231002066666667,23.95620082,37.7777777766667,0.0265327310788686,3.63053836931544,48.59,3.01666666666667,99.3333333333333,397.936333333333,7.065,2.12,0.6,0.2475,0.32,5.33253802325,2.28074322225,0.75400828875,0.235,0.11225,9.24033994225,83.982559405,54.3540852885728,22.9142122344507,7.73745583023872,4098.21501779484,49.2447878671871,23.1387823766356,8.29270713174142,3.4304415762047,0.2324260942865,18221.2287646213,35.1074945282097,5.7174335472025,9.1748945,3.0219220645753,0.269727677153803,0.0502058258456557,0.524149963553096,0.000141208682463997,3.47455067670773,0.236540673145106,0.0440293279260669,0.418108361833573,0.000141208682463997,5.33253802325,0.149795535875882,0.0286852304785782,0.233069417604066,0.0549389670861066,"F",3,1,FALSE
"43","MAEL",2,4.5,4.5,4.4,4.46666666666667,36.6666666666667,35,40,37.2222222233333,150,27.3333333333333,0.817777777666667,27.37,11.64,443.866666666667,387.133333333333,455.9,410.3,322.066666666667,565.866666666667,0.170053763333333,0.160370370333333,530.333333333333,683.666666666667,850.333333333333,1,0.165212067,0.00275353433333333,42.2739415,44.6666666666667,0.0224305110967699,3.79827412603687,49.0833333333333,1.36333333333333,74,282.143,8.34166666666667,2.38666666666667,1.835,0.218,0.243333333333333,8.185,1.07,0.981666666666667,0.173333333333333,0.199,15.9490003575,87.100196275,76.4001540986458,22.9848398227003,18.6988788904242,12434.2637628379,77.854092972213,15.1900318644907,12.2520124688545,5.96329917888526,0.34360083604,29835.5668802876,32.5724379236798,27.142201446125,38.8507246666667,3.98620966239743,0.248586963984746,0.0443188668592867,0.539780619090533,8.75383441461745e-05,2.95492290273973,0.341664442174329,0.0613122592672087,0.503272865245102,8.75383441461745e-05,8.185,0.12340105925078,0.0221847357852869,0.26997365801236,0.0387293586213801,"F",3,1,FALSE
"44","MAGU",2,7.63333333333333,7.66666666666667,7.1,7.46666666666667,26.6666666666667,24.1666666666667,31.6666666666667,27.5000000033333,150,42.8,0.714666666666667,20.3433333333333,8.125,499.1,486.633333333333,470.233333333333,458.6,237.233333333333,530.633333333333,0.184666666666667,0.135,197.333333333333,411.666666666667,684.333333333333,1,0.159833333333333,0.002663889,35.1747854333333,74.6666666666667,0.0134565750419409,4.31062686944322,NA,NA,NA,NA,5.80833333333333,2.82666666666667,0.943333333333333,0.1125,0.8,5.30666666666667,2.54166666666667,1.165,0.0916666666666667,0.071,11.9331302553333,179.205605166667,49.513688527253,28.8050920865502,8.08203290480698,4520.21626399017,45.4235771843053,26.8909163391499,12.9098701703648,6.39002060855535,0.15673715964,33858.8001579737,91.2439041760893,12.35113790142,17.0123153333333,3.41337108207506,0.344297888498113,0.0534027344935559,0.470088319708577,0.000152941584244504,3.66586307993009,0.322928027321388,0.0500136809238104,0.399264493523815,0.000152941584244504,5.30666666666667,0.224797904795968,0.0346308262307767,0.28335455509556,0.0297062725430469,"F",3,1,NA
"45","MIAL",2,5.46666666666667,4.83333333333333,4.93333333333333,5.07777777766667,26,21.3333333333333,25.5,24.2777777766667,600,29.9666666666667,0.883622222333333,15.9066666666667,7.08066666666667,446.733333333333,376.5,507.066666666667,440.033333333333,244.2,559.766666666667,NA,NA,NA,NA,NA,1,NA,0.00204494966666667,33.37271302,50.7777777766667,0.019816773663224,3.92430551507895,47.5933333333333,1.20666666666667,3251,3526.205,11.565,4.92333333333333,0.695,0.365,1.035,9.10333333333333,3.45833333333333,1.98666666666667,0.281666666666667,0.547166666666667,38.4036507916667,71.0349275,105.393338752896,50.4144671301241,13.5663422044555,29708.3431800161,89.2023908225331,36.6677965390639,23.2490891886708,25.226351550851,1.40246298959333,20543.4927367798,44.4578556354775,30.1557818633333,44.082369,6.14437564592933,0.317841875891432,0.0467217131302844,0.490551349496403,0.000105664112029246,5.5663112348839,0.353253256816764,0.0531335304019421,0.398210321565804,0.000105664112029246,9.10333333333333,0.225349004273419,0.0325505036903368,0.260073178252314,0.0507931007660424,"S",3,1,TRUE
"46","MILI",2.33333333333333,3.13333333333333,3.26666666666667,3.4,3.26666666666667,0,0,0,0,150,149.133333333333,0.005777778,0,0.105,28.4466666666667,24.2633333333333,23.1466666666667,24.2633333333333,24.8233333333333,36.5033333333333,0,0,NA,NA,NA,1,0,0,0,32.6666666666667,0.031069765826426,3.47913483583324,47.08,1.65,9438.66666666667,9661.55966666667,7.0275,2.8725,0.52375,0.2325,0.57125,6.1875,2.00125,0.8575,0.17875,0.154125,14.7009144465,111.966516181667,61.0328080863017,27.9880692167772,7.014306298572,5062.24459040877,52.2630969308275,22.5368639743328,11.3736173280782,5.78764775353138,0.335771108655833,15682.972895149,36.0445536854482,7.59454359302833,11.17746425,3.80249592391838,0.192125800266323,0.040656029339267,0.43757633396134,7.45626191942176e-05,3.51058107404935,0.248535793673275,0.0491493961496751,0.377058612601297,7.45626191942176e-05,6.1875,0.139781084542268,0.0279571749199494,0.240333663488989,0.0676874596413054,"G",0,0,TRUE
"47","MISE",2,6.93333333333333,6.83333333333333,6.26666666666667,6.67777777766667,8.33333333333333,10,10,9.44444444333333,150,105.3,0.298,6.28666666666667,3.44833333333333,127.506666666667,156.286666666667,157.576666666667,168.356666666667,108.003333333333,203.2,0.0486666666666667,0.0623333333333333,137,219,283.333333333333,1,0.0555,0.000925,13.2520359333333,66.7777777766667,0.0153901500352456,4.18815475440736,NA,NA,NA,NA,11.9216666666667,3.06,1.91,0.173333333333333,0.858333333333333,10.51,2.55333333333333,1.08,0.225,0.183,22.867349725,128.082903216667,101.088841498396,31.1356900850459,18.3826236484388,15772.7205770884,84.2292345099098,26.8137313541038,10.1933053484328,9.20180635890963,0.396925227653333,39036.0652097397,50.7928014653448,44.8348802213167,71.8137486666667,4.71924889706695,0.223672831126888,0.0433649894393445,0.520507100739031,8.33763527825069e-05,5.16759558247044,0.203990930709855,0.0396290885012592,0.407761313492096,8.33763527825069e-05,10.51,0.10034107760733,0.0195220671659047,0.206805731770705,0.0333810863735454,"F",1,0.333333333333333,NA
"48","MYFA",2,2.53333333333333,2.66666666666667,2.5,2.566666667,0,0,0,0,150,144.566666666667,0.036222222,0,0.170666666666667,33.9,24.9933333333333,23.0166666666667,24.14,24.6966666666667,36.87,0,0,NA,NA,NA,1,0,0,0,25.66666667,0.0394553509173832,3.23879076750088,46.3366666666667,1.44666666666667,134,438.47,5.47833333333333,1.58,0.51,0.243333333333333,0.28,4.98,1.502,0.843,0.22,0.071,5.6668345445,79.3212254516667,50.6287294397863,16.8877996167249,6.32579669197819,2257.50472069779,47.3642559053439,17.1146390785911,9.38542605164356,2.79765039309652,0.136330850397333,15651.5065283273,38.2936597046897,3.10513715894667,4.76204466666667,2.35788593017791,0.344656934790145,0.0567057537336213,0.532166064791798,0.000189743186551289,2.72400682955361,0.3238016169239,0.0526731550630425,0.427547887497317,0.000189743186551289,4.98,0.17931992143445,0.0292366134007501,0.231264032161742,0.0757603034266487,"F",0,0,FALSE
"49","MYFE",2,7.46666666666667,7.1,7.23333333333333,7.26666666666667,30.3333333333333,26.6666666666667,37.5,31.5,150,40.5,0.730000000333333,17.0166666666667,12.8833333333333,304.566666666667,292.77,392.59,313.356666666667,297.12,389.75,0.107,0.155666666666667,276,337.333333333333,446,1,0.131333333333333,0.002188889,37.8559051233333,72.6666666666667,0.0142773152488948,4.26817604055968,49.5,1.76666666666667,67.6666666666667,291.333666666667,11.2216666666667,2.63333333333333,0.786666666666667,0.22,1.075,9.65666666666667,2.49166666666667,1.93666666666667,0.156666666666667,0.173666666666667,19.5254089783333,113.277681686667,102.655767655346,29.1536367866353,9.39434795401313,10534.32818673,88.7368302406101,29.5473608738661,16.9265589902715,15.7160651146047,0.416911340615,24584.8586153085,84.6771544143877,15.5882675092833,23.7984116666667,4.37537219454651,0.42932393368799,0.0543583470920882,0.490716550448897,0.000165237372186628,4.88919348737256,0.389045686481685,0.048755526895177,0.39573812293536,0.000165237372186628,9.65666666666667,0.203973672312402,0.0250315395071316,0.19260901272092,0.0342747100237988,NA,2,0.666666666666667,FALSE
"50","MYGU",2,4.9,4.93333333333333,4.26666666666667,4.7,28.3333333333333,27.5,29.1666666666667,28.33333333,150,22.5,0.85,19.23,10.6466666666667,501.833333333333,354.966666666667,516.1,471.133333333333,257.666666666667,572.666666666667,0.124946778666667,0.145493891666667,514,808,1070,1,0.135220335333333,0.00225367233333333,35.96254934,47,0.0218662598525299,3.83642627468334,NA,NA,NA,NA,9.72333333333333,5,1.23666666666667,0.335,0.285,9.06833333333333,3.02,1.90833333333333,0.215,0.538166666666667,35.0290697266667,70.8721450816667,92.7678649605297,50.5139696615319,13.5177321088721,28990.725770953,87.6110521612449,36.3022427699622,19.705158435372,24.8572281491768,1.23342192980667,20492.0113818023,41.5584198754862,47.2300843921667,69.4558391666667,5.8340980524715,0.313498280933545,0.0461581656854632,0.480020149020221,0.000101800540864126,5.11677168557818,0.358153925319322,0.0535966020257447,0.403589452290873,0.000101800540864126,9.06833333333333,0.205797679002289,0.0299598593803577,0.287707688998326,0.0501151893929293,NA,3,1,NA
"51","MYLI",2,8.23333333333333,7.56666666666667,7.06666666666667,7.62222222233333,22.5,21.6666666666667,21.6666666666667,21.9444444433333,150,67.1,0.552666666333333,19.2333333333333,8.379,352.163333333333,338.016666666667,388.47,413.216666666667,257.65,436.963333333333,NA,NA,NA,NA,NA,1,NA,0.00188333333333333,28.9256560533333,76.2222222233333,0.0132505729562053,4.32872058542464,43.2166666666667,1.25,88.6666666666667,323.609666666667,12.7666666666667,3.63166666666667,2.33,0.306666666666667,0.825,12.195,3.29166666666667,2.525,0.238333333333333,0.616166666666667,29.305547122,57.682812958,104.42915846342,31.9831950448589,18.2184443108179,23555.275391906,115.587272646039,37.9458079682147,23.6573122824582,39.8119162826604,0.859797506156,29812.1668494259,74.1440266437722,66.53961645138,105.744634666667,5.37204448047647,0.43138274773702,0.0637811920121298,0.5243496541228,0.000300969980172534,6.29576380739725,0.408921645673684,0.054867109516406,0.415252335617738,0.000300969980172534,12.195,0.210802797277918,0.0275366026773542,0.215519827230103,0.0184898180950232,"G",2,0.666666666666667,FALSE
"52","MYMU",2,3.66666666666667,3.6,3.83333333333333,3.69999999966667,7.33333333333333,1.5,0,2.94444444433333,150,120.833333333333,0.194444444666667,2.21966666666667,0.465666666666667,300.49,52.2066666666667,24.9233333333333,68.56,36.0333333333333,184.763333333333,0,0,343,0,0,1,0,0,0,36.9999999966667,0.0272693933368478,3.60653226206212,47.4433333333333,1.67333333333333,92,335.026,5.66,2.7,1.01,0.171666666666667,0.44,5.000815365,2.45360312533333,1.1980776295,0.153333333333333,0.108166666666667,10.4091309148333,95.4932769683333,52.1070209740871,27.4159480040409,8.57301177213692,4334.44133712451,45.5121671743024,26.3898373721437,14.0831875401646,5.84723435490867,0.177307662123833,24359.3040991956,53.4883132246299,10.5943226592683,15.5023985,3.21078681965058,0.380273657487392,0.0556464092250287,0.505012898483246,0.000172784310527078,3.49776252025083,0.373674345967997,0.0519560873183072,0.415138348320651,0.000172784310527078,5.000815365,0.266088567245407,0.0365781722427588,0.286631975511533,0.0447002069037756,"F",0,0,FALSE
"53","MYTO",2,5.6,5.76666666666667,5.76666666666667,5.711111111,25.3333333333333,24.1666666666667,29.6666666666667,26.38888889,150,16.5333333333333,0.889777777666667,17.7533333333333,11.2066666666667,431.733333333333,420.4,434.6,390.333333333333,352.6,590.266666666667,0.138652089333333,0.195425287333333,334.333333333333,604.666666666667,797,1,0.167038688333333,0.002783978,46.1087888433333,57.11111111,0.0176306677323736,4.04158832380125,45.8933333333333,1.41666666666667,163,NA,9.405,4.10166666666667,1.56333333333333,0.298333333333333,1.04166666666667,8.64,3.31,1.77166666666667,0.238333333333333,0.392,26.72072314,69.329943735,86.5264478415526,39.5069633066057,16.4944935143163,19061.6657746503,78.7915313993854,35.9941475984009,19.7875572353207,21.5724892830297,0.786404615915,24274.938183889,55.3189090896589,41.49652417315,60.3040736666667,5.13103363230866,0.348151053610544,0.0538037801536703,0.527500018792381,0.0001582866271993,5.32185151656485,0.340588504978485,0.0523589282893647,0.438054979216072,0.0001582866271993,8.64,0.206599779719885,0.0319441481454414,0.292985798408805,0.0353694859346996,"G",3,1,FALSE
"54","MYUM",2,5.36666666666667,5.06666666666667,5.86666666666667,5.43333333333333,37.5,32.5,27,32.3333333366667,150,17.4333333333333,0.883777778,29.2233333333333,14.0313333333333,491.3,544.866666666667,532.166666666667,544.666666666667,432.2,588.066666666667,0.122333333333333,0.123,266.333333333333,586.666666666667,922.666666666667,1,0.122666666666667,0.00204444433333333,34.2856539033333,54.3333333333333,0.0195676460842221,3.96529782484001,NA,NA,NA,NA,11.95875,3.875,1.78375,0.35625,1.2625,11.65125,3.325,1.38125,0.20125,0.586125,35.5113268275,59.71494017125,117.318867787932,45.4655145087392,20.4033708356181,45527.5036132996,114.763221649264,38.874388775272,17.2445474150752,30.2728422171834,1.1991240444375,28520.9768746074,41.3551156529616,74.98329904735,108.9941255,5.75042041605156,0.234775699875648,0.0465402330089647,0.496969456819437,0.000101258323347562,6.19135849928603,0.225124459340342,0.0441288021157515,0.427415048622006,0.000101258323347562,11.65125,0.115817174572014,0.0233585770557279,0.242266165514281,0.0400324758586206,NA,3,1,NA
"55","NECU",2,10.6333333333333,11.1666666666667,10.8666666666667,10.8888888866667,62.5,60.8333333333333,62.5,61.9444444433333,150,14.9666666666667,0.900222222,64.36,26.7133333333333,507.566666666667,553.3,556.533333333333,592.533333333333,522.7,672.033333333333,NA,NA,NA,NA,NA,1,NA,0.005598034,93.81787483,108.888888866667,0.00918952792795162,4.6900100384362,49.9366666666667,2.32,205.333333333333,612.251333333333,16.4683333333333,3.91666666666667,1.89833333333333,0.206666666666667,0.736666666666667,14.2483333333333,1.39166666666667,1.46,0.241666666666667,0.415166666666667,42.60415613,103.093437873333,160.676912119001,38.4994744055785,21.8438239397933,48010.1327388728,137.372207417888,26.5614149456555,17.4582623052305,24.1774438675237,0.879594345951667,52916.5814948425,61.8346869269234,80.5957450215167,120.674938666667,6.51602908359438,0.224024254751193,0.0442114215468771,0.542819175543992,9.23407204978949e-05,4.33686412616283,0.359193166427753,0.0710279927390906,0.439147206161418,9.23407204978949e-05,14.2483333333333,0.102490271802668,0.0206158573141412,0.212997626108988,0.0194694262723192,"F",3,1,FALSE
"56","OCCO",2,4.96666666666667,5.26666666666667,4.83333333333333,5.02222222233333,41.11111111,41.38888889,41.6666666666667,41.38888889,150,43.9,0.707333333,33.2866666666667,15.4056666666667,508.4,475.1,568.466666666667,528.166666666667,436.8,585,0.205803532,0.237441737,NA,NA,NA,1,0.221622634666667,0.00369371033333333,49.8844387766667,50.2222222233333,0.0201247771832547,3.91113292926246,51.69,1.79,103.666666666667,295.872666666667,9.07333333333333,2.59,1.44283333333333,0.273333333333333,0.718,8.28166666666667,2.02833333333333,1.1665,0.213333333333333,0.197666666666667,14.6304366883333,74.9584473983333,78.9181403145861,25.9322803568837,12.9960919882773,9245.98849536102,77.2615110827441,22.6506901487791,11.7849240653746,8.00257287786815,0.386845116363333,24688.6437986299,40.0795091895564,21.4763933301417,34.7792433333333,3.81016138488459,0.306753102117934,0.0518889068881796,0.535059934231436,0.000140557900914612,4.03696642062886,0.292414885368023,0.0492166070616826,0.422209276875324,0.000140557900914612,8.28166666666667,0.141635850299278,0.0240204611090111,0.226430860466297,0.0393853546605851,"G",3,1,FALSE
"57","OCMI",2,7.5,6.73333333333333,7.76666666666667,7.33333333333333,38.3333333333333,46.6666666666667,55,46.6666666666667,150,12.4,0.917333333333333,28.12,16.7666666666667,406.733333333333,353.733333333333,583.066666666667,457.2,380.766666666667,608.766666666667,0.254666666666667,0.335666666666667,234.333333333333,400.666666666667,519.666666666667,1,0.295166666666667,0.00491944466666667,84.3929383466667,73.3333333333333,0.0141056555135244,4.27879432247763,49.21,2.14666666666667,197.666666666667,539.102666666667,12.1566666666667,3.03333333333333,1.60166666666667,0.216666666666667,0.555,11.03,2.80166666666667,1.82166666666667,0.156666666666667,0.332333333333333,30.2287209033333,90.881525765,111.871582724357,31.7006415856078,15.7634984412125,20303.8196595114,101.010848303799,31.9908326939152,17.8773743950956,22.0803657826467,0.653677760718333,30399.9108355162,66.7791330863277,51.6123657107833,64.4938483333333,5.46557081716918,0.344270441691583,0.0512947277407053,0.49220629015355,0.000136279152346902,5.52679692077175,0.346852654137235,0.051177247386239,0.446997758503878,0.000136279152346902,11.03,0.183031301696485,0.0261958863475586,0.221971185883055,0.0277448946124719,"F",3,1,FALSE
"58","OCPU",2,2.8,2.96666666666667,2.76666666666667,2.84444444433333,3,0,0,1,150,134.733333333333,0.101777777666667,2.59,0.295333333333333,147.856666666667,33.2866666666667,21.59,34.96,28.8666666666667,128.773333333333,0,0,188.666666666667,0,0,1,0,0,0,28.4444444433333,0.0356045838519292,3.34148849298582,50.71,1.84,177.666666666667,496.134666666667,5.68166666666667,2.64666666666667,0.751666666666667,0.238333333333333,0.476666666666667,5.63333333333333,2.55833333333333,0.711666666666667,0.206666666666667,0.163,10.7642198081667,66.4973706066667,52.8050987210965,26.8995303675137,7.22948202873601,4154.03593384603,50.9369252251717,27.0515493845566,7.19465185906094,4.38595676005274,0.258535205707833,15760.3490871641,25.2631858658578,8.48530417489333,12.1802428333333,3.23676052577989,0.220776333614287,0.0486414684905706,0.487006512454437,0.000116950536465533,3.78969893412525,0.18864194352145,0.0415778278283297,0.40851135047815,0.000116950536465533,5.63333333333333,0.126819419686224,0.0280258017363727,0.278683837581654,0.056472628284051,"G",0,0,FALSE
"59","OUSP",2,4.96666666666667,4.96666666666667,5,4.97777777766667,26.6666666666667,30,33.3333333333333,30,150,8.33333333333333,0.944444444333333,19.9766666666667,12.6633333333333,355.8,372.3,552.833333333333,403.166666666667,283.833333333333,596.166666666667,0.143333333333333,0.157666666666667,359,613.666666666667,860.666666666667,1,0.1505,0.00250833333333333,44.21342144,49.7777777766667,0.0202848952853518,3.90271376989395,48.6666666666667,1.58666666666667,73,276.49,11.1566666666667,4.70833333333333,1.75,0.35,0.261666666666667,10.395,4.66,2.40833333333333,0.216666666666667,0.783333333333333,41.9101551283333,53.5185104066667,105.654687976248,49.9617118719894,17.1185532873138,37729.0057110554,99.4505577783327,49.480098834834,23.1156066634775,43.6068896740676,1.46788153257667,25575.1003504357,55.6971524321305,74.2691975783333,90.9768533333333,6.4605985256415,0.370673028266043,0.054323540772687,0.509170482414976,0.000160943397261207,6.90562580890569,0.344257893376799,0.0508453783850424,0.4577293700808,0.000160943397261207,10.395,0.236309734834836,0.0341429240063011,0.299081140175274,0.0380116891654716,"S",3,1,FALSE
"60","PEOB",2,5.06666666666667,5.53333333333333,4.9,5.16666666666667,37.5,31.6666666666667,39.1666666666667,36.11111111,150,26.5,0.823333333333333,21.0833333333333,10.9233333333333,464.533333333333,441.2,536.033333333333,460.566666666667,296.6,569.5,0.146666666666667,0.162333333333333,363,654,924,1,0.1545,0.00257500033333333,40.3714614433333,51.6666666666667,0.0202983008380261,3.92045587470631,49.2366666666667,2.17666666666667,61,287.807,8.90333333333333,4.43833333333333,1.49666666666667,0.261666666666667,0.701666666666667,8.20833333333333,3.47166666666667,1.58,0.215,0.323333333333333,29.2129642733333,88.070713475,80.9832366270944,45.8171896955408,15.8858014588142,24073.6950263764,75.5939238452795,37.7376030544899,16.6368737480896,20.6603546039996,0.75754521129,29029.4835879263,56.779513718035,48.2260316230833,68.5428405,5.28635322917986,0.281469958619082,0.0477524601283099,0.517659810069288,0.000112944915796053,5.32433324843931,0.284848763063103,0.0473346487913464,0.436497287674536,0.000112944915796053,8.20833333333333,0.183483061411031,0.0307101153377915,0.306404734283978,0.0475573626716613,"F",3,1,FALSE
"61","PIAX",2,17.2666666666667,17.8,18.5333333333333,17.8666666666667,96.6666666666667,95,96.6666666666667,96.1111111233333,150,12.4433333333333,0.917044444333333,75.4566666666667,30.9066666666667,696.9,762.866666666667,752.233333333333,738.833333333333,614.7,745.6,0.663,0.492333333333333,137,198.666666666667,273.333333333333,1,0.577666666666667,0.00962777766666667,164.478715,178.666666666667,0.00568819517186599,5.17736206861322,45.48,2.89333333333333,238,876.81,18.05,8.52,3.39166666666667,0.388333333333333,2.03,14.0116666666667,4.71166666666667,3.68,0.275,0.724,87.48788954,123.363548033333,165.808952952009,80.9450454255497,34.7113921211925,153322.696563382,129.79198220464,54.9577650387735,43.1620783959017,115.445738264172,3.37616594780667,46014.3230856532,167.87597205889,304.276965043833,551.977055,9.31063207751574,0.398812630242128,0.0522846038968236,0.571681228070585,0.0001460228032484,8.01552653924792,0.46098831688816,0.0606025113994414,0.428256474656514,0.0001460228032484,14.0116666666667,0.282161660762948,0.0360906377119439,0.293259850858025,0.0265252635963153,"F",3,1,FALSE
"62","PIRO",2,13.6666666666667,12.7,12.6,12.98888889,70,67.5,70,69.1666666666667,150,18.7666666666667,0.874888888666667,75.4533333333333,31.2733333333333,604.933333333333,707.233333333333,661.533333333333,685.433333333333,650.1,736.133333333333,0.339304347666667,0.329360655666667,169.333333333333,280.666666666667,392.333333333333,1,0.334332502,0.00557220833333333,90.77608814,129.8888889,0.00775341833895895,4.86315361369847,41.25,1.56,129,239.992,15.6333333333333,8.74,3.72166666666667,0.495,1.93666666666667,15.6233333333333,7.99833333333333,3.14166666666667,0.461666666666667,1.41683333333333,65.16448138,47.918120035,140.118884297362,88.6046933089139,36.8825830362268,208278.568708561,138.246323900398,93.3292590415741,37.0933895328009,200.226467986515,3.25844939711,73563.4414683011,138.979424224099,234.84968322785,530.978497166667,7.95879931127998,0.415060231071839,0.0741813131317162,0.753903400625814,0.0004520379649079,11.1380065076643,0.284485726917418,0.0519849231604339,0.502351663393304,0.0004520379649079,15.6233333333333,0.205512690781691,0.037518178053313,0.378576172620208,0.0178313995850764,"S",3,1,FALSE
"63","PLEL",2,3.96666666666667,3.7,3.83333333333333,3.83333333333333,11.11111111,7.66666666666667,7.83333333333333,8.87037037,150,103.1,0.312666666666667,5.17933333333333,2.269,249.316666666667,235.986666666667,290.293333333333,265.836666666667,110.853333333333,350.166666666667,0.0337078653333333,0.0517272726666667,NA,NA,NA,1,0.042717569,0.000711959333333333,5.78612624333333,38.3333333333333,0.0273015873015873,3.62285614952657,48.2433333333333,3.28,193.333333333333,734.165333333333,4.574,1.974,0.384,0.242,0.15,4.22557142857143,1.83428571428571,0.766428571428571,0.187142857142857,0.0917142857142857,7.976447608,90.0374883233333,46.9438445893238,20.5131741300468,4.53233609919286,2017.66684091822,44.6996983571893,19.4220998127468,8.40997024817164,3.19766584157685,0.1920274654325,10857.1798491861,34.8243024461322,3.5586987972925,3.841272,2.80245509368743,0.278280531388255,0.0514959393522928,0.443729673839055,0.000139169383402627,2.76285701086741,0.278945709044059,0.0515287593918401,0.419656175358232,0.000139169383402627,4.22557142857143,0.185108694130103,0.0351800469772482,0.285325574925175,0.0571629007517999,"G",2,0.666666666666667,FALSE
"64","PLPO",2,6.8,6.86666666666667,6.8,6.82222222233333,37.7777777766667,41.11111111,50,42.9629629633333,150,12.63,0.9158,41.0566666666667,18.9633333333333,460.7,538.6,572,499.233333333333,474.2,654.766666666667,0.221518797,0.245208410666667,328,453,568,1,0.233363603666667,0.00388939333333333,66.3614296633333,68.2222222233333,0.0146767922190958,4.22212436697449,50.1366666666667,1.46333333333333,80,378.301,8.79166666666667,5.04333333333333,1.965,0.193333333333333,2.16666666666667,8.18833333333333,4.885,1.36166666666667,0.15,0.301333333333333,26.0056947016667,85.54390969,69.0631511121049,51.4034797043604,20.6382280325212,25105.3924717089,64.2419530936718,52.8233435568897,13.8742322577986,20.6147866856347,0.507407324468333,45642.9934256289,65.9939759862741,53.8943543354833,93.0886828333333,5.06574205284178,0.271231320495271,0.0525345209430943,0.550527726534955,0.000146526252295438,6.30582218307115,0.217323513606613,0.0421881668642632,0.418854062673037,0.000146526252295438,8.18833333333333,0.168258005613426,0.0327133315798238,0.317365669378458,0.0247138668307602,"S",3,1,FALSE
"65","PORA",2,11.4666666666667,11.0333333333333,10.6666666666667,11.0555555556667,64.1666666666667,63.3333333333333,70,65.8333333333333,150,7.8,0.948,56.97,28.5266666666667,490.1,577.1,563.033333333333,665.866666666667,530.533333333333,684.1,0.446333333333333,0.340666666666667,178,267.333333333333,373,1,0.3935,0.00655833333333333,115.849255233333,110.555555556667,0.00913146479801733,4.70073071003875,NA,NA,NA,NA,14.2,5.41,2.04166666666667,0.186666666666667,1.44333333333333,13.7616666666667,4.27,1.92166666666667,0.143333333333333,0.589166666666667,56.0629942066667,94.8081695583333,133.313313570569,56.3494864395917,21.6280781510656,54846.0547289868,128.267497410374,48.6427752834349,21.2966277781704,55.2859184901387,1.020988925775,51280.261074203,90.2185532993507,119.153629076317,162.390827666667,7.39632467413039,0.261995736853793,0.0504041113473917,0.503433863387056,0.000128232759077376,7.57388795353173,0.265314840685229,0.0502899461841815,0.426281652535725,0.000128232759077376,13.7616666666667,0.139574444827592,0.0271102727760244,0.263016281376502,0.0158242564665572,"S",3,1,NA
"66","POTO",2,13.9,13.7,14.4666666666667,14.02222222,69.1666666666667,70,64.1666666666667,67.7777777766667,150,13.1666666666667,0.912222222333333,46.6033333333333,24.42,646.633333333333,602.333333333333,662.333333333333,720.766666666667,461.266666666667,690.533333333333,0.355154855666667,0.390054644666667,152,255.666666666667,364,1,0.372604750333333,0.00621007933333333,105.81939237,140.2222222,0.00718054505292212,4.93987000994547,49.2133333333333,1.38333333333333,88.3333333333333,354.855333333333,18.115,7.95666666666667,2.76333333333333,0.278333333333333,1.52333333333333,16.095,6.19,3.395,0.206666666666667,1.27,102.847775176667,82.502176595,168.642652200582,82.9959779901417,32.8210356174531,167273.68450819,145.941748403707,71.1821231225787,40.8256448319884,148.852508652442,2.94097007947667,58006.1125572166,115.068026047303,299.00584136865,417.706887333333,10.0752495458403,0.3360716590505,0.0515856773627866,0.537100871826571,0.000139087359565138,9.93925268099387,0.343098005209357,0.052454255548312,0.453970913336266,0.000139087359565138,16.095,0.212845920274353,0.0323928879420592,0.298721640263494,0.0166281639015576,"S",3,1,FALSE
"67","PRHE",2,9.93333333333333,8.93333333333333,9.6,9.48888888766667,53.3333333333333,50.8333333333333,56.6666666666667,53.61111111,150,17.9666666666667,0.880222222333333,45.1266666666667,24.46,459.833333333333,512.433333333333,539.6,523.166666666667,510.866666666667,614.733333333333,0.313,0.302,159.333333333333,275.333333333333,397.666666666667,1,0.3075,0.00512499966666667,84.2074770166667,94.8888888766667,0.0106749530491419,4.54621571489696,46.49,1.68666666666667,77,336.134,14.1333333333333,4.44666666666667,2.25333333333333,0.208333333333333,1.03333333333333,12.1433333333333,2.92833333333333,2.16833333333333,0.155,0.4475,47.9580522316667,106.79341855,129.716025615837,47.297067415966,24.7220470330249,54585.23444807,114.166414943826,36.6743174066935,23.3446367290747,37.9641343253161,1.03019850113667,59206.1113490242,81.2101461451701,109.491563692133,145.969917833333,6.88232020332729,0.315305891762176,0.0477245439121736,0.544457260449029,0.000110166013507045,5.89819657573686,0.371977949779342,0.0567504565366031,0.474724563813515,0.000110166013507045,12.1433333333333,0.179837175630164,0.0270356584097412,0.266620009526396,0.0245750181696767,"F",3,1,FALSE
"68","QUGR",2,9.1,8.96666666666667,9.86666666666667,9.311111112,22.5,24.1666666666667,27.5,24.72222222,150,61,0.593333333666667,26.6333333333333,15.8293333333333,392.466666666667,367.82,358.553333333333,408.586666666667,367.586666666667,467.846666666667,0.138333333333333,0.177333333333333,NA,NA,NA,1,0.157833333333333,0.00263055566666667,43.7125241266667,93.11111112,0.0112628458494306,4.5091115121885,45.7266666666667,1.46333333333333,7533,7732.34,14.3683333333333,6.82333333333333,2.035,0.35,0.648333333333333,12.6533333333333,5.48833333333333,2.645,0.243333333333333,1.09066666666667,65.7714216216667,64.1489604266667,136.076879504616,67.8679949418976,23.1286974138883,89096.7774630965,122.014154086393,59.4790790330021,28.4378030690649,92.3596041637592,2.32989766990333,35826.4772041942,83.031697575274,136.997667220833,210.374977333333,8.02934670789763,0.333373627855002,0.0548682796170719,0.535879685121874,0.000166728501650735,8.26049893090663,0.333623095076344,0.054542200903434,0.437107402315634,0.000166728501650735,12.6533333333333,0.214699177902993,0.0351243754856992,0.299757046650439,0.0240598517430336,"S",2,0.666666666666667,TRUE
"69","QUMU",2,6.76666666666667,7.66666666666667,7.53333333333333,7.32222222233333,17.5,18.3333333333333,20.8333333333333,18.88888889,150,67.7333333333333,0.548444444666667,8.87666666666667,6.197,289.746666666667,241.04,331.086666666667,291.94,186.413333333333,407.473333333333,NA,NA,NA,NA,NA,1,NA,0.001624074,24.83719484,73.2222222233333,0.0138170823883444,4.28775625394843,45.8766666666667,1.78666666666667,10969.6666666667,11346.7626666667,9.39,3.66333333333333,0.936666666666667,0.261666666666667,0.241666666666667,7.435,2.22666666666667,1.94833333333333,0.258333333333333,0.3045,22.267769085,81.58920241,93.0836117388384,35.4855335930066,12.0850497456977,16034.6765349281,71.5613862376185,28.1006373644374,22.8842676892683,17.3315449109204,0.574192376131667,27718.0281235781,66.7084678891561,20.5435868707,33.375377,4.71245034233574,0.412669268128582,0.0537111752658402,0.52993771396431,0.00015983427929777,3.97703929663674,0.497669062998512,0.0669028962518756,0.423764069997112,0.00015983427929777,7.435,0.275954783252291,0.0354485484454213,0.264779052010509,0.0260547237036797,"S",2,0.666666666666667,TRUE
"70","RALA",2,3.83333333333333,3.56666666666667,3.63333333333333,3.67777777766667,10.5,10.8333333333333,15,12.111111111,150,106.233333333333,0.291777778,5.91666666666667,3.66433333333333,183.236666666667,141.973333333333,170.31,168.283333333333,103.196666666667,215.113333333333,0.0443333333333333,0.067,85.6666666666667,176,235.666666666667,1,0.0556666666666667,0.000927777666666667,12.8541458666667,36.7777777766667,0.0293040293052369,3.56523181549849,52.76,1.4,97,199.208,8.15833333333333,1.72,0.588333333333333,0.215,0.46,7.72,1.435,1.02,0.155,0.1155,9.74686222683333,86.3487542783333,74.9833726475028,18.4277730361723,6.62151250043145,3784.84601635339,70.9839988495309,16.666205777964,10.6254264385044,4.57859004901555,0.21266105616,18385.6453102824,40.7336379668067,5.73445734830333,8.45595833333333,3.10302046205153,0.324829336875012,0.052480911911671,0.496230364859279,0.000148136084457471,3.32305767030925,0.302203925205567,0.0488183492927232,0.410763043018954,0.000148136084457471,7.72,0.13180100415651,0.0211645453290894,0.189483177312306,0.0539552019203054,"F",1,0.333333333333333,FALSE
"71","ROMO",2,10.6666666666667,10.5,10.7,10.6222222243333,42.5,41.6666666666667,46.6666666666667,43.61111111,150,5.43333333333333,0.963777777666667,41.4333333333333,24.09,567.633333333333,551.7,694.466666666667,681.233333333333,518.966666666667,738.1,0.221428571333333,0.215867494666667,237,399.666666666667,569,1,0.218648033,0.003644134,65.4077982066667,106.222222243333,0.00947750779536057,4.6621269994566,49.23,0.83,227.333333333333,382.969333333333,15.1666666666667,6.31166666666667,5.365,0.386666666666667,3.58,13.0266666666667,5.33166666666667,5.265,0.288333333333333,1.63466666666667,56.233937712,38.983441698,124.601550897138,57.9237941283286,58.3033663617502,138296.105900217,113.395146102018,69.5731740841019,54.4990195281768,157.800492019958,2.134412964172,60804.2077099077,90.3939668687858,296.56816457616,641.948921666667,7.34875844371797,0.624565332054522,0.0677466264085073,0.686827463311649,0.000326787060733062,8.29225259714118,0.648387558603301,0.0643279807683237,0.561688793426589,0.000326787060733062,13.0266666666667,0.403333507775738,0.0399099447610226,0.342798840846643,0.0123749483114552,"S",3,1,FALSE
"72","SCVI",2,6.3,6.93333333333333,6.26666666666667,6.5,61.6666666666667,52.5,61.6666666666667,58.61111111,150,8.43333333333333,0.943777777666667,50.6733333333333,24.6966666666667,492.666666666667,580.366666666667,591.833333333333,539.033333333333,537.233333333333,657.866666666667,0.257924574333333,0.293482866,165.333333333333,305.333333333333,437.333333333333,1,0.27570372,0.004595062,80.7684467266667,65,0.0154852635270854,4.17114833412007,50.9266666666667,1.71,67.3333333333333,242.419333333333,11.7883333333333,2.73166666666667,1.33833333333333,0.28,0.36,11.475,1.77333333333333,1.01833333333333,0.248333333333333,0.291166666666667,22.8941836033333,80.6995376833333,111.681720110078,28.9239499332221,13.5540816617676,15783.2801200287,108.193774876958,20.9950024759903,12.2735877679954,10.4035654213728,0.648116756366667,24183.996363162,35.3265780153404,31.3657490986,44.3344683333333,4.77628500291504,0.212744770079039,0.0445275302176448,0.519367406767169,9.19306438208471e-05,4.37769336725517,0.241233805096244,0.0500058731781987,0.439533356680855,9.19306438208471e-05,11.475,0.0902893668539207,0.0186898550572236,0.211007670433992,0.0344691199839416,"S",3,1,FALSE
"73","SIGU",2,12.8333333333333,13.6666666666667,13.9,13.46666667,71.6666666666667,73.3333333333333,75.8333333333333,73.61111111,150,7.7,0.948666666666667,54.0033333333333,29.6633333333333,579.1,537.433333333333,610.2,676.6,491,683.633333333333,0.344534136666667,0.54000813,115,229.333333333333,297.333333333333,1,0.442271133333333,0.00737118533333333,130.216030033333,134.6666667,0.00759112963720221,4.89164575493124,47.35,2.21333333333333,1797.66666666667,2162.31866666667,15.1816666666667,5.99,1.64166666666667,0.241666666666667,0.655,13.04,3.78833333333333,2.505,0.173333333333333,0.4514,57.2323706016667,121.194160846,139.718911501189,62.2694327622092,21.7172046716052,72352.021911028,116.875513285294,37.8675690782999,27.1663541926386,45.8169471545124,1.35931223958,53102.1999744433,98.8679075034309,96.9018932935,152.6013965,7.51691406951295,0.333445367215904,0.0486507054801004,0.551032829429579,0.000119939992096921,6.98316506106093,0.357807891435925,0.0529141708469748,0.433123029677566,0.000119939992096921,13.04,0.191978714632339,0.027812585985051,0.272639851273614,0.0228593607179607,"G",3,1,TRUE
"74","STCA",2,7.43333333333333,7.73333333333333,7.4,7.52222222233333,58.3333333333333,56.6666666666667,57.5,57.4999999966667,150,7.66666666666667,0.948888889,46.6166666666667,22.7033333333333,457.966666666667,532.6,543,532.633333333333,551.033333333333,667.8,0.290333333333333,0.242,177,305,460.333333333333,1,0.266166666666667,0.004436111,78.35399617,75.2222222233333,0.0135408076484856,4.31113407575289,49.17,1.47,221.666666666667,548.962666666667,9.36833333333333,3.555,2,0.301666666666667,0.961666666666667,8.885,1.39833333333333,1.32833333333333,0.203333333333333,0.360166666666667,29.09984622,81.4279327766667,85.1639402736639,40.9305935923696,16.7380850562787,20680.2230435094,80.9542227450664,17.9658406927968,14.5502690377746,8.56860677509581,0.87622465134,24369.6295810908,23.5986722978676,58.2429108729833,64.2600966666667,5.3923021058533,0.245679287278742,0.0375566523795125,0.506656725604309,5.38733825921044e-05,3.49550472267128,0.383669225812085,0.0588114329823233,0.479830057703072,5.38733825921044e-05,8.885,0.150247956145239,0.0229270290455427,0.29477638592619,0.0329424973456445,"S",3,1,FALSE
"75","STFE",2,4.13333333333333,4.63333333333333,4.23333333333333,4.33333333333333,38.3333333333333,36.6666666666667,40,38.3333333333333,150,14.3666666666667,0.904222222333333,25.1566666666667,10.3866666666667,454.3,455.633333333333,570.866666666667,452.966666666667,313.366666666667,570.166666666667,0.186666666666667,0.168,428,626.666666666667,843.666666666667,1,0.177333333333333,0.00295555566666667,49.76722603,43.3333333333333,0.0231774698993897,3.76674239050585,49.66,1.50666666666667,145.333333333333,432.928333333333,7.97333333333333,3.50166666666667,0.756666666666667,0.371666666666667,0.798333333333333,7.26666666666667,2.855,1.48333333333333,0.251666666666667,0.322833333333333,20.1545355566667,62.8597082366667,76.7218898885175,37.3389802530117,10.3967312518175,10443.9940623752,66.0071656598461,31.705774532064,16.7401951259345,14.2262154248105,0.748689458398333,14705.8831221657,42.1104197334535,14.3450789560833,20.1179141666667,4.45851020248392,0.327205199007374,0.0532357090637338,0.494906396127495,0.000153657705317664,4.5297219166412,0.325551127525173,0.0527401018342568,0.416437532260348,0.000153657705317664,7.26666666666667,0.20072927779419,0.0325561466490839,0.280337046942728,0.0537513496727448,"S",3,1,FALSE
"76","STPO",2,7.43333333333333,8.03333333333333,7.63333333333333,7.7,57.5,55.8333333333333,65,59.4444444433333,150,9.5,0.936666667,44.7566666666667,22.01,537.633333333333,545.066666666667,603.166666666667,453.2,498.466666666667,681.7,0.296333333333333,0.271666666666667,180.666666666667,306.666666666667,442.333333333333,1,0.284,0.00473333333333333,82.50787467,77,0.0130146549258217,4.34273835930276,50.52,1.69,101,199.363,9.84833333333333,3.81333333333333,1.27,0.285,1.34833333333333,9.11666666666667,3.03666666666667,1.65166666666667,0.25,0.363666666666667,23.1303300825,86.4408291175,89.4338561494488,39.5560338102404,14.4493058086642,19457.3938641228,80.667679496312,33.5179505814883,16.4057202975571,18.0723664046821,0.642019379025,19444.6099613759,48.0504055605539,24.577464105575,50.202049,4.72098199849008,0.322046394582076,0.0481743277392234,0.483669052884977,0.000116564514642408,5.24096439126102,0.328586859220431,0.0493499115621151,0.419485611471787,0.000116564514642408,9.11666666666667,0.189914159415849,0.0283080009089535,0.259323301406476,0.0229761521733291,"F",3,1,FALSE
"77","SYPU",2,7.6,7.43333333333333,7.26666666666667,7.43333333333333,29.1666666666667,24.1666666666667,24.1666666666667,25.8333333366667,150,37.2333333333333,0.751777777666667,22.1966666666667,9.24533333333333,468.133333333333,427.966666666667,496.533333333333,459.966666666667,270.566666666667,552.133333333333,NA,NA,NA,NA,NA,1,NA,0.002069025,29.35960897,74.3333333333333,0.014217054190353,4.28069184327477,45.8966666666667,1.58666666666667,10315,10591.584,10.7283333333333,3.77,1.41833333333333,0.223333333333333,1.01,8.745,3.88333333333333,1.86,0.180833333333333,0.2725,27.506468285,103.070328346667,97.5528329399196,40.0255747673926,15.7857434967698,20966.9938264104,79.6179948719495,35.1700520036643,19.2858526379292,16.9098425938158,0.61628825369,34055.0817925747,63.8421957417465,40.5916718647,59.3075605,5.22194482738903,0.369804738603982,0.048932713296194,0.52354890153868,0.000118251694040314,5.68191060190532,0.401277807491934,0.0482536808770947,0.430673005345758,0.000118251694040314,8.745,0.277900732067811,0.032724186530053,0.255597965064918,0.0321534073379403,"S",3,1,TRUE
"78","SYRE",2,6.4,6.8,6.23333333333333,6.47777777766667,31.6666666666667,36.6666666666667,38.3333333333333,35.5555555533333,150,32.4333333333333,0.783777777666667,24.7833333333333,15.8666666666667,529.766666666667,530.533333333333,577.5,476.833333333333,385.2,568.633333333333,0.177333333333333,0.134666666666667,315.333333333333,521.666666666667,809,1,0.156,0.0026,38.00477767,64.7777777766667,0.0154885142465385,4.16931781244358,NA,NA,NA,NA,9.71333333333333,3.15833333333333,1.285,0.225,0.981666666666667,8.70833333333333,2.12833333333333,1.16666666666667,0.163333333333333,0.169666666666667,28.4993695233333,189.02183821,92.0210145746448,32.8988087388499,12.3913259546769,12284.7213218959,76.9025232241179,24.5569432344856,12.4798300622084,7.99605539651932,0.607113612506667,23665.8213489019,49.2829057746815,32.9556014706,40.9963413333333,5.10164169635927,0.246601311240299,0.0416529404576931,0.474414398062887,8.11288274849311e-05,4.24304308871264,0.275932081819782,0.0470100104258767,0.409842532467791,8.11288274849311e-05,8.70833333333333,0.137313628732079,0.0232626978677044,0.235092150301557,0.0554221287028113,"F",3,1,NA
"79","TAAU",2,7.83333333333333,7.53333333333333,7.93333333333333,7.76666666633333,50.8333333333333,41.6666666666667,47.5,46.66666667,150,9.06666666666667,0.939555555333333,44.0166666666667,23.5733333333333,563.933333333333,609.366666666667,605.633333333333,616.233333333333,512.133333333333,703.4,0.236878900333333,0.276380952333333,179,332,468.666666666667,1,0.256629926333333,0.00427716533333333,74.8617472433333,77.6666666633333,0.0131043096498635,4.3437933607488,NA,NA,NA,NA,19.63,7.94833333333333,2.105,0.511666666666667,4.575,14.09,5.03333333333333,4.52833333333333,0.373333333333333,1.81633333333333,82.123061565,55.25195175,186.180577285731,78.8467337854261,27.1037065378524,182474.340726027,122.452890688242,68.3618260975859,51.2162320782645,158.536747187772,3.9460254414825,30157.7862724136,84.3655431985609,132.5975185054,383.69417,9.00075830132717,0.480063234398165,0.053951690158844,0.542281656566866,0.000157423376261375,8.33745455858129,0.572144701746569,0.0659219400422787,0.439835102148278,0.000157423376261375,14.09,0.339362534514778,0.038584131496836,0.279588829582602,0.0284694104999592,"G",3,1,NA
"80","TACA",2,7.13333333333333,7.06666666666667,6.63333333333333,6.94444444466667,58.61111111,59.4444444433333,63.88888889,60.6481481466667,150,26.13,0.8258,49.5633333333333,22.0333333333333,557.866666666667,506.4,563.8,476.433333333333,455,648.633333333333,0.269130782666667,0.328647058666667,243.333333333333,347,433.333333333333,1,0.298888920666667,0.004981482,76.68287803,69.4444444466667,0.0144378303525071,4.23922643254874,48.1733333333333,2.39666666666667,308,636.709,11.48,2.21,1.88333333333333,0.201666666666667,0.451666666666667,10.14,1.71166666666667,1.32283333333333,0.145,0.151,17.6353948375,111.975204425,106.849378466051,21.1117638331051,17.6533490456738,14323.0608506867,97.264017313024,20.7513677448339,15.4390497009905,12.6063415473279,0.3282522825825,39944.1407074646,78.0867071545879,34.46972156525,48.2534633333333,4.17061434056231,0.29514552393763,0.0532098193748145,0.556121294868031,0.000158919234199417,4.09808214531894,0.313813043271778,0.0548802243382209,0.466177790273257,0.000158919234199417,10.14,0.131495127422326,0.0221583903010084,0.205297987086397,0.0313857666804593,"F",3,1,FALSE
"81","TAGU",2,5.36666666666667,5.33333333333333,5.36666666666667,5.35555555566667,15,18.3333333333333,16.6666666666667,16.6666666666667,150,60.5666666666667,0.596222222,12.5766666666667,6.36233333333333,313.246666666667,329.45,327.653333333333,344.616666666667,213.65,426.08,0.088442786,0.076613776,244.666666666667,425.333333333333,639.666666666667,1,0.082528281,0.00137547133333333,22.9102308266667,53.5555555566667,0.0187587412584184,3.97837947681214,47.0133333333333,1.24333333333333,76,307.553,12.0966666666667,3.74166666666667,1.63,0.211666666666667,0.733333333333333,11.5083333333333,2.95166666666667,1.475,0.161666666666667,0.525666666666667,35.314696395,72.4349848233333,108.480609620238,36.6784189246801,26.7752261040962,44928.7913554929,108.445230441059,32.7514847800467,16.4976047111911,26.1093355986315,0.765272770518333,52393.2417186024,50.068917455955,63.5619985626667,78.6641066666667,5.89263043492116,0.253016138087653,0.0489081357273294,0.555967837259334,0.000117979973377821,5.8033597993816,0.261651452112438,0.0503468132069723,0.495708582383077,0.000117979973377821,11.5083333333333,0.129253147026955,0.0248221358484272,0.272005581816236,0.0273092337874441,"F",2,0.666666666666667,FALSE
"82","TAOC",2,6.33333333333333,6.06666666666667,6.46666666666667,6.288888889,49.1666666666667,35,39.1666666666667,41.11111111,150,8,0.946666667,44.01,21.99,573.866666666667,525.433333333333,587.766666666667,555.233333333333,474.733333333333,628.333333333333,0.180820809333333,0.208619952,224.666666666667,425,600.333333333333,1,0.194720380666667,0.00324533966666667,57.21579375,62.88888889,0.0162615744835195,4.13055113053172,47.5466666666667,1.38,147,431.608,13.9466666666667,5.84,2.48166666666667,0.448333333333333,2.665,12.88,2.76333333333333,2.11833333333333,0.305,0.893333333333333,57.3762173866667,67.1356406766667,125.610553484158,52.839695232477,30.4849496750568,73211.5143023739,119.571580146722,31.7209116343033,22.4230524020337,36.907624940754,2.614512178395,27628.7566121692,41.8316913266658,143.872052041483,203.286061666667,7.47367706218599,0.286799932680821,0.043981476603522,0.547452560767107,8.92133649162439e-05,5.92442846795367,0.352766064139657,0.054991255778696,0.459653198477328,8.92133649162439e-05,12.88,0.163592348486051,0.0251897495884628,0.292428486394192,0.0475926319332528,"G",3,1,FALSE
"83","TEGL",2,8.93333333333333,8.56666666666667,8.46666666666667,8.65555555666667,25,36.6666666666667,38.8333333333333,33.5,150,8.66666666666667,0.942222222333333,29.5966666666667,15.6233333333333,435.433333333333,407.833333333333,484.133333333333,566.1,408.4,656.066666666667,0.193848485,0.209937107,677.333333333333,819.666666666667,972.333333333333,1,0.201892796,0.00336488,59.0353872066667,86.5555555666667,0.012311075061674,4.43040670716348,45.6,1.33,144.333333333333,470.788333333333,11.195,4.92,1.655,0.253333333333333,0.88,9.32,3.44833333333333,2.28166666666667,0.226666666666667,0.437666666666667,36.5294968333333,86.89901689,106.573153804357,46.2695725292311,18.1051144273358,31321.0481159929,86.6234871739652,41.1156041747174,26.1011557924332,33.6741228794022,0.923712991276667,33647.6479673913,81.8436923371576,60.99303583765,93.548108,6.02973352102848,0.372996655363614,0.0527085851539213,0.513524100785305,0.000148780403185215,5.61966549501443,0.409215923475101,0.05709828354845,0.415696785355076,0.000148780403185215,9.32,0.259521608320576,0.0348131601030918,0.276731788196818,0.025983015927762,"F",3,1,FALSE
"84","TOFO",2,10.3666666666667,10.2333333333333,11.2666666666667,10.6222222243333,59.1666666666667,55.8333333333333,65.8333333333333,60.2777777766667,150,10.3333333333333,0.931111111,56.22,28.4433333333333,497.8,503.4,592.933333333333,588.866666666667,581.966666666667,718.666666666667,0.306200828,0.352578313333333,110,212.666666666667,268.666666666667,1,0.329389570666667,0.00548982633333333,95.1931730733333,106.222222243333,0.00948660410519709,4.66162929892481,49.8933333333333,1.11666666666667,565,2034.134,16.07,8.73666666666667,2.34,0.555,1.03666666666667,14.0516666666667,6.31,2.53333333333333,0.413333333333333,1.09583333333333,89.5891039683333,93.1080095383333,146.433882388764,84.1423796188032,33.370454893433,177939.205199667,126.979789081131,66.1222679200648,27.9107865777303,92.5463512527302,4.88309048435333,35281.015064496,90.8840446288108,230.368941508717,365.0196085,9.33410559587481,0.270694299714059,0.0474194637062388,0.580742992444757,0.000106789141205103,9.3736836476087,0.282055355179388,0.0476914000997761,0.460587542211782,0.000106789141205103,14.0516666666667,0.183585909323755,0.0315424002377455,0.341043963871878,0.0422728026478313,"S",3,1,FALSE
"85","VOTU",2,6.13333333333333,6.4,6.56666666666667,6.36666666666667,25.8333333333333,25,26.6666666666667,25.8333333333333,150,35.4666666666667,0.763555555666667,17.7566666666667,8.302,341.766666666667,472.433333333333,492.3,448.233333333333,373.1,560.366666666667,0.118169625333333,0.106702702666667,427.666666666667,734.333333333333,1071,1,0.112436164,0.001873936,26.62050405,63.6666666666667,0.0157233192581553,4.15313722985314,40.8833333333333,1.49333333333333,20873,21141.714,11.4183333333333,3.78833333333333,1.33666666666667,0.32,0.913333333333333,8.13666666666667,2.23166666666667,2.65833333333333,0.251666666666667,0.3135,30.7046100366667,105.516457163333,106.940217160002,38.9916885837928,13.7179985956385,23429.8226632761,78.9839484623401,34.7474865789085,34.6758433605906,30.9680579551849,1.00153168869667,23692.5698374433,100.613639793479,41.8531287191333,59.856912,5.51845061554985,0.477788975871261,0.0560289099787021,0.511472550622018,0.000178678575439896,4.20212072271976,0.685012195161931,0.0783306948100865,0.429205381804934,0.000178678575439896,8.13666666666667,0.337079697121649,0.0391286614784019,0.247297298786539,0.0502309489267532,"G",3,1,TRUE
"86","XYAR",2,8.1,8.6,8.03333333333333,8.24444444466667,57.5,52.5,60,56.6666666666667,150,10,0.933333333333333,52.1566666666667,23.0166666666667,470.333333333333,520.2,586.2,596.966666666667,474.9,623.866666666667,0.342,0.228,199,313,472,1,0.285,0.00475,82.7261314133333,82.4444444466667,0.0121574182950756,4.4109654973849,NA,NA,NA,NA,11.9683333333333,2.86166666666667,1.21333333333333,0.19,0.42,11.16,2.80166666666667,1.68,0.17,0.304833333333333,28.87468538,94.8927757116667,113.531802399201,34.9135257676132,11.4516009408418,18452.5138354401,104.747740460446,31.2886029639241,18.7902631914189,22.2742618413042,0.551189901185,33149.4309788801,70.6724935008872,35.4403309103833,40.6347116666667,5.35350563765741,0.30948526384782,0.0514818631936034,0.484171786193304,0.000137738825449241,5.57926001702539,0.298282870460633,0.0496994036942215,0.458878782422745,0.000137738825449241,11.16,0.150167299461273,0.0247978115151433,0.216835395566153,0.0219826556218506,"S",3,1,NA
"87","ZEMO",2,9.23333333333333,9.4,10.1,9.577777779,74.1666666666667,72.5,71.6666666666667,72.7777777766667,150,5.93333333333333,0.960444444333333,68.8,26.5933333333333,571.566666666667,535.933333333333,623.666666666667,595.066666666667,547.933333333333,707.566666666667,0.367380952333333,0.360030303,167,236,317.333333333333,1,0.363705627666667,0.00606176033333333,108.476546566667,95.77777779,0.0106715506705864,4.55073566911009,50.39,1.59333333333333,177.666666666667,597.846666666667,13.0057142857143,4.23857142857143,2.77,0.438571428571429,0.772857142857143,12.8157142857143,3.85142857142857,2.29428571428571,0.345714285714286,0.707714285714286,42.7030584742857,69.5270558271429,114.272503901397,37.0130628446091,26.6437444818551,44098.5047823233,105.670851996962,37.7979686109299,22.1468185377202,37.5378548794461,1.95825596056143,29118.3595183843,69.6112308816034,135.478791917743,193.899878142857,6.3363470843939,0.356752019016327,0.0546888676932764,0.581195940100777,0.00016466578390459,6.99930755206299,0.325740254503911,0.0505801557629446,0.505499609652502,0.00016466578390459,12.8157142857143,0.179282990166394,0.0275092911060489,0.284746896435389,0.0295283395163028,"S",3,1,FALSE
"88","ZETU",2,18.8333333333333,19.9333333333333,19.1666666666667,19.31111111,106.666666666667,115.833333333333,104.166666666667,108.88888889,150,10.1333333333333,0.932444444333333,65.4733333333333,31.2866666666667,650.266666666667,699.933333333333,688.766666666667,694.266666666667,550.533333333333,717.833333333333,1.20633333333333,0.899793103333333,89.6666666666667,122.333333333333,165.666666666667,1,1.05306321833333,0.0175510536666667,304.7489527,193.1111111,0.00524545182990025,5.25695075994915,NA,NA,NA,NA,15.6066666666667,8.80666666666667,0.951666666666667,0.225,0.703333333333333,13.775,7.48166666666667,2.384,0.176666666666667,0.410833333333333,92.18619556,224.11470775,149.156710412041,91.052730079962,16.3653945619607,82929.7964956232,129.774572729003,78.708441211868,28.5973435808465,117.296752312224,2.04130842628833,44031.7256500453,285.983970855911,89.0781521922167,134.455726,9.48870409056791,0.266210872347202,0.0515074308339484,0.450906514328812,0.000139450556865308,10.1378518588911,0.25009243874503,0.0482781689177073,0.366015074198428,0.000139450556865308,13.775,0.184162112595278,0.0355889146130219,0.274043672446694,0.026063087269935,"F",3,1,NA
