"","Species","IndCode","IndLeafCode","freshL3D","freshW3D","freshH3D","freshHull","dryL3D","dryW3D","dryH3D","dryHull"
"1","AESE","AESE1","AESE1-1",226.776447434397,98.963417595303,36.9098737003071,361457.788881254,213.424410304644,49.4703185562195,38.3059038610592,135998.29166547
"2","AESE","AESE1","AESE1-2",197.6126117148,91.0264313588636,36.8639848415173,204399.093519961,177.532041678646,37.0719830553686,28.1436950329715,81426.8042273855
"3","AESE","AESE2","AESE2-1",190.553867315716,73.7214803206862,25.6084107697069,121457.537911416,168.280460131541,42.4597731628565,27.1204082874094,68328.9632839342
"4","AESE","AESE2","AESE2-2",214.878594063113,73.3840869708486,38.6834031621794,228223.974100216,189.113558625178,39.6825254418966,30.4026469567078,75949.9179438937
"5","AESE","AESE3","AESE3-1",217.040591756349,101.927117142757,33.1061895444488,302248.996753676,169.40506902012,47.7296652393261,55.9944030456314,162595.228473109
"6","AESE","AESE3","AESE3-2",213.734201922446,96.7307397220906,39.5330049177956,264479.140322406,190.020602057716,59.0671735364078,46.5911225742243,176430.61612761
"7","AEVE","AEVE1","AEVE1-1",163.170995469051,55.7780298354929,41.8939564414174,146960.994413671,149.285811555357,35.8070773798209,32.1708784108454,60689.9411452216
"8","AEVE","AEVE1","AEVE1-2",100.243564222999,48.9267502986917,29.922076870327,48407.6139899749,84.4376511959825,33.3258847678151,22.4657460335395,19933.8274810887
"9","AEVE","AEVE2","AEVE2-1",115.615227458276,61.4155819866005,43.7919664558463,98868.7905518251,129.736263449297,46.0137774860294,27.2233561783315,56379.6460946649
"10","AEVE","AEVE2","AEVE2-2",124.649709108571,70.1413915248162,30.9900995862914,110824.412123217,129.270381802223,55.3614076270602,39.9092373409821,77064.4624029094
"11","AEVE","AEVE3","AEVE3-1",129.461172792474,53.6080607765145,35.2287329663967,88012.0613499289,131.322935109422,42.7206408572254,34.571663228645,68145.2228816626
"12","AEVE","AEVE3","AEVE3-2",147.201363037325,81.8540291544788,30.9939769676231,149789.88630722,132.140172116942,35.1211601534619,28.1050675614698,54433.0055693793
"13","ALED","ALED1","ALED1-1",118.157172312367,59.1015519598124,23.1416204461579,42994.0769595239,111.347824671156,60.5440805029478,17.3189159858305,37192.3076163014
"14","ALED","ALED1","ALED1-2",127.932079513521,61.9365062321001,20.0230767623286,45609.4445322865,123.047363903589,61.6618531238793,16.3771646783229,46043.2016271725
"15","ALED","ALED2","ALED2-1",126.534018082394,41.5604907299112,15.2699293139507,29998.9544571949,102.370634617406,49.4940047819428,47.8356754246064,63926.0598170881
"16","ALED","ALED2","ALED2-2",136.048855135383,58.1494232058715,32.4826724544719,78562.1421722536,139.015553539415,53.5061579776675,21.0925002338652,54641.1098500544
"17","ALED","ALED3","ALED3-1",129.348128027535,73.8604252388335,38.459484717408,140703.175024285,127.846549641722,64.1995140158759,45.2458465852331,122117.532020687
"18","ALED","ALED3","ALED3-2",136.829426415466,68.284300934724,42.1817816547787,130685.728134495,132.530908371973,73.9465463639721,30.3257221922332,108370.108434602
"19","AMIN","AMIN1","AMIN1-1",108.435137095738,41.9923840412028,23.3577766233065,32637.4196688729,105.20831771063,29.415036177564,19.8047343471622,28287.9278438937
"20","AMIN","AMIN1","AMIN1-2",113.913546516057,42.8463415585083,16.8457675098115,28716.8975248491,99.9547403550801,24.1497428434098,24.6209216585817,24086.1497927799
"21","AMIN","AMIN2","AMIN2-2",102.394199838142,22.9071091568954,19.8006725533794,18836.8781634733,122.140882102135,44.0585266702265,15.9158242070248,36427.1529918342
"22","AMIN","AMIN3","AMIN3-1",120.956622218816,41.8955579747859,23.3835167737109,36571.5251875638,97.4298370023805,36.8086364318971,33.2376438125539,36993.2463095135
"23","AMIN","AMIN3","AMIN3-2",88.1071746677174,31.3584785804312,12.8720839665047,12442.566029463,78.8060306834581,21.7707701858768,14.7600692710901,12272.5350518044
"24","ANCA","ANCA1","ANCA1-1",134.775136850916,50.1954555715651,18.0007570306071,53986.4765061258,126.242946477246,37.3169309611971,14.6700822592695,26399.4056999284
"25","ANCA","ANCA1","ANCA1-2",125.123802428339,46.4649014612221,10.0197508262695,22243.6772084183,125.870675823553,42.2465364140477,22.3434138788376,40563.976098032
"26","ANCA","ANCA2","ANCA2-1",172.320983790601,44.9624273788716,19.0995527746906,59310.011783758,165.696906616292,38.169393641009,21.6293544937274,54110.422462351
"27","ANCA","ANCA2","ANCA2-2",124.288941512172,34.4346919313945,13.3377483267812,23748.2774160852,108.20073857136,32.8217332658935,21.9929305153761,24405.7585184647
"28","ANCA","ANCA3","ANCA3-1",135.118918555821,49.0418572883496,11.1024029790953,28854.5356790884,107.334826903737,39.7751845022914,22.7689757352281,32988.6695182569
"29","ANCA","ANCA3","ANCA3-2",112.544749482295,43.1966225325439,15.6302301610205,28105.3417382196,113.687672745979,37.1861919368974,17.1693798056391,22976.4442935618
"30","ANCA","ANCA3","ANCA3-3",NA,NA,NA,NA,105.586689194244,42.8227771309293,17.3206792052269,28783.2731600232
"31","ANCA","ANCA3","ANCA3-4",128.076965143757,46.4870109781066,13.7358591422904,31074.543678056,123.714018336094,42.649343105935,18.4396385794918,35260.5249057719
"32","ANCR","ANCR1","ANCR1-1",98.5305041527606,48.8725055087028,25.7590256005263,39933.5924629091,94.3346176431314,50.7169754263607,15.8243282697004,30630.1026440358
"33","ANCR","ANCR1","ANCR1-2",96.3331809507236,39.7726662915346,25.4749994550678,40371.3803620924,90.8291396438918,41.9925312068181,20.9670061678376,32349.6872327605
"34","ANCR","ANCR2","ANCR2-1",82.0107818066021,39.1782896994545,14.5963608096613,15913.700907056,77.812863002044,39.5785634657896,10.6573441444154,14291.2384552919
"35","ANCR","ANCR2","ANCR2-2",79.623040631216,25.2200199508858,25.1850826575775,19307.9544628164,78.3586561739771,26.121927810474,17.146164969283,13273.9324988604
"36","ANCR","ANCR3","ANCR3-1",100.097056416304,62.3407238649433,31.8497221555481,73791.6086491402,94.9723311841869,68.6749366431635,16.4298146303695,43893.5629073615
"37","ANFA","ANFA1","ANFA1-1",6.82004033185263,1.9075153734691,1.02879559442776,7.23623370795058,4.27394295727149,1.77892855843011,1.3085827000502,3.87933296135735
"38","ANFA","ANFA2","ANFA2-1",2.98772473974249,1.11002559874875,0.437568328863197,0.718726519935501,1.459894517229,0.382911154492178,5.54571863139314e-05,6.97764846485949e-06
"39","ANFA","ANFA2","ANFA2-2",1.99818928608816,0.741454237933696,0.262977366835598,0.107758710635564,2.32652021645415,1.50748303003164,0.995343862060192,0.945400585938812
"40","ANFA","ANFA3","ANFA3-1",3.0864481335558,1.60598150899045,0.715226010760843,1.15254577532029,1.63059686321137,0.806072490952821,0.324527257489905,0.123141537873952
"41","ANFA","ANFA3","ANFA3-2",1.39794911185223,0.343180316557133,3.89171486642678e-05,3.57194697996516e-06,0.978091471897461,0.712566626020295,0.0654451709841788,0.00834597209062863
"42","ASTO","ASTO1","ASTO1-1",147.656460703882,53.4591486557836,36.2710693056612,108313.130370855,135.788101534895,59.6465547758612,20.9975282004317,73592.1308521519
"43","ASTO","ASTO1","ASTO1-2",153.0919127476,64.3541712955731,43.8654967952242,169651.731297679,149.126214791335,73.2215522536358,35.9130911238324,131504.779575497
"44","ASTO","ASTO2","ASTO2-1",159.866076347026,76.3646839444274,14.3292337321134,73120.626662019,133.837535245542,60.7460668257115,37.7630210796894,111461.949822418
"45","ASTO","ASTO2","ASTO2-2",134.832664143582,50.9103868896495,19.938535155435,54960.1505755961,119.684006773744,46.2941264279881,24.1830533497094,42474.8973297167
"46","ASTO","ASTO3","ASTO3-1",171.378546815864,88.4005289105154,39.8216834992351,220709.507883087,164.858330424366,90.0082957473966,39.677648219217,186144.642307117
"47","ASTO","ASTO3","ASTO3-2",124.119766687487,59.0711988349125,25.6958057678,57728.7560607209,106.466552995953,51.4473497325443,19.2264068710469,36320.7878347642
"48","BADR","BADR1","BADR1-1",20.7817374743934,6.86192849245651,3.11481284264919,187.110343576921,20.8440458711667,7.59279314643286,3.00972757127577,241.875828567979
"49","BADR","BADR1","BADR1-2",23.43198904001,7.00222386664231,2.90194702606202,211.630845622273,21.9328067878267,6.13970781098317,5.55559011381964,309.900280858484
"50","BADR","BADR2","BADR2-1",27.4745650085745,5.49420783596526,3.49020716700198,230.468830494214,18.392832109469,4.38412144634562,3.45985712381854,128.95100436958
"51","BADR","BADR2","BADR2-2",26.7476471756661,5.16947899304599,2.74391471667489,172.42840942291,21.4487719741521,5.28479867506008,2.84713292989284,147.62423620861
"52","BADR","BADR3","BADR3-1",21.549096749221,5.81012580968201,2.14658328156031,90.9291248276391,28.322665863973,4.68704049194253,1.851975045241,98.056957901538
"53","BADR","BADR3","BADR3-2",28.9602082792299,6.40759718351405,3.1692845135598,271.393495592457,24.8473526306079,5.0596112633537,2.45377097725482,99.6569193880171
"54","BALO","BALO1","BALO1-1",97.3407740820929,85.5117151455335,14.5371201225744,47641.8054875447,78.4483208030445,58.9034825804127,37.5147745930635,64242.4806445969
"55","BALO","BALO1","BALO1-2",66.3312143356591,85.2521312769573,9.11498281845295,20697.9648860699,63.7821705402069,45.1323344713553,34.6055136851034,36192.5697161143
"56","BALO","BALO2","BALO2-1",64.0037123983866,64.0217604331899,9.26192098564224,16929.9176439131,64.8714978830617,51.4476323328464,22.5319653221125,26616.967678121
"57","BALO","BALO2","BALO2-2",68.7843181259687,75.5557519631374,14.5766277506108,29349.002095716,66.3808832470181,65.3740670458717,22.6276244256883,34547.8457806906
"58","BALO","BALO3","BALO3-1",94.8173999361757,77.9764472402176,27.2470750707174,75588.7433827583,82.5420844189771,71.3694633128647,30.0040809791302,64028.8167250967
"59","BALO","BALO3","BALO3-2",63.0359781178365,46.0846758197697,9.8274700599053,10766.1095461634,51.3480684289386,49.0640321340776,16.4635497871796,19292.6922039829
"60","BARU","BARU1","BARU1-1",131.717380093171,113.172007068028,24.3751617134756,142864.38781094,129.167968284642,119.947330987717,29.4427062054665,181269.187823596
"61","BARU","BARU1","BARU1-2",106.678871363705,80.8385141884765,26.2049465813567,89197.057854476,105.975043026633,99.8300880100856,29.5138803383068,115885.475931071
"62","BARU","BARU2","BARU2-1",119.312895251361,91.4442652543233,19.6448460464111,87029.675399471,112.177592951959,86.7674793690586,12.994292796773,59699.0786180487
"63","BARU","BARU2","BARU2-2",119.81342728971,82.07052176701,27.401014766079,111175.886947065,117.758619577689,78.4738910118224,21.8340717164929,83648.5209950033
"64","BARU","BARU3","BARU3-1",97.1497174961411,95.1293782800197,25.3865581649931,97986.4895401485,94.3693542820316,99.3730125634968,19.827519143965,76853.713689097
"65","BARU","BARU3","BARU3-2",91.5291919890602,87.9330800366934,24.6272801794177,76593.1581549444,80.7341578223267,73.1633671768076,34.8404265576348,78317.0471723427
"66","BYIN","BYIN1","BYIN1-1",58.9151836898954,26.0421406913698,6.48261035390901,3923.77380452279,57.2877042706274,26.9899353480475,8.35670589740695,5144.81862032389
"67","BYIN","BYIN1","BYIN1-2",50.1835615453562,25.0958947382941,5.83517843493095,3130.30722652754,49.7611991810013,25.5093936618182,6.94026461674652,3510.36363332993
"68","BYIN","BYIN2","BYIN2-1",77.521677099409,24.4012912556486,9.85722642321255,7044.762770659,70.7820149559955,24.3781035100773,16.2205719486814,9901.02073008527
"69","BYIN","BYIN3","BYIN3-1",93.5415383995578,32.0840196074999,6.64823008366358,8160.51152665545,92.1914084833689,28.7188315764303,10.1714854326562,10982.7368922024
"70","BYIN","BYIN3","BYIN3-2",94.9116720539013,42.0311709452628,4.7732815194401,9076.90245112757,89.0934998638108,39.5788285850941,11.9455330345012,13978.3843253443
"71","BYLA","BYLA1","BYLA1-1",114.926491034038,40.1187123603754,14.0351948918151,25477.8240219398,103.84837799024,38.2713468471674,19.5132039461252,25467.3740751776
"72","BYLA","BYLA1","BYLA1-2",120.71387940476,38.0875926116412,13.3343098436457,22848.3237739086,115.920572531355,36.4513408300851,16.1778504649919,24549.655669618
"73","BYLA","BYLA2","BYLA2-1",128.014074254461,44.0690134002761,16.4911068664992,34011.4343296256,106.825795927951,37.603930387621,21.8736308179749,32092.3434108008
"74","BYLA","BYLA2","BYLA2-2",101.188120589746,49.2760162641177,15.8470447547788,30428.0996485497,90.4669443743787,45.4741618554764,20.5529552373038,32740.1678791591
"75","BYLA","BYLA3","BYLA3-1",100.851182401132,46.506112616282,18.7515113124919,30601.7782332211,95.0616593086713,46.3341176159565,17.2292550599633,29245.6609318704
"76","BYLA","BYLA3","BYLA3-2",80.6009390678741,36.6447103335727,11.66765155875,13236.4550207266,77.1215587837743,33.8341007100897,12.1726363461378,13649.1900381577
"77","CAAD","CAAD1","CAAD1-1",91.7419111791452,28.3870758768679,17.1192571772731,19764.9064212905,66.8840466938686,17.6963316126501,8.98150553326089,4410.08635686656
"78","CAAD","CAAD1","CAAD1-2",95.4073117253717,29.4871491082709,15.0328565156856,15882.2185712039,80.3137813007119,24.9314585101284,15.5663263040891,10910.7812163854
"79","CAAD","CAAD2","CAAD2-1",70.8322294064865,36.3722271035495,17.2145629689184,14131.4106565554,65.3479484419532,13.8830856874967,10.8908528333513,5248.123589293
"80","CAAD","CAAD2","CAAD2-2",82.8637334203249,33.7584113943473,12.2890711993673,12310.3284874943,74.598169117385,29.7697029165374,17.6210724085338,12122.8970436922
"81","CAAD","CAAD3","CAAD3-1",77.9097238853635,31.3438515959303,8.30011430654885,7735.42916663759,63.9812479925881,21.8097897210823,15.0929839177299,9901.11294829076
"82","CAAD","CAAD3","CAAD3-2",67.0321023777103,33.1826983240057,21.4241371655845,11889.8257580695,55.906970947969,24.5891167292494,14.9631743461607,8062.92349186214
"83","CABR","CABR1","CABR1-1",108.146654222898,73.0875863364572,30.3669531235703,103197.705709235,103.245500411825,77.9066733446121,25.3266967765024,85464.8557611862
"84","CABR","CABR1","CABR1-2",167.805698892463,123.140661694391,54.5937340659122,383221.062968156,149.020189580545,105.636679904227,40.9770308603523,269723.075395646
"85","CABR","CABR2","CABR2-1",133.692278550046,113.709876143727,40.8818699975633,231144.046165675,119.102028906739,99.3354820578423,25.650014835158,127374.288070395
"86","CABR","CABR2","CABR2-2",108.978188045,78.7923147828462,62.8185457605586,173907.462750977,108.470005334381,69.3667920155684,46.5053207494574,143506.006621261
"87","CABR","CABR3","CABR3-1",171.247258663033,87.0802967146909,68.8972293711832,353104.740848971,178.440273260034,111.408411268588,36.2788930484502,292617.138888865
"88","CABR","CABR3","CABR3-2",104.724708319934,64.0467685191332,16.341480981319,43959.6950931928,110.061425521471,52.4323123902985,26.7674729340132,68786.5195798227
"89","CAGU","CAGU1","CAGU1-1",97.3274000331557,39.3175304311453,12.4687825297943,17104.6361636509,92.600866470118,17.2241285292357,13.1559870088054,9846.34297962521
"90","CAGU","CAGU1","CAGU1-2",66.6779106230935,29.3594563605672,11.3544071306839,7736.25320975979,63.32059389255,21.5538376548962,9.96731687709496,5090.9555203689
"91","CAGU","CAGU2","CAGU2-1",111.486395625314,58.7978321773056,29.2240529013562,74043.3107277694,117.110992084819,40.9907652144447,19.5141817102046,34322.0165305415
"92","CAGU","CAGU2","CAGU2-2",120.878294544549,55.9463541315475,25.5667915440952,62550.9651552619,107.583139724976,34.7924280078147,25.087799682222,35176.6026202674
"93","CAGU","CAGU3","CAGU3-1",104.366527442915,52.6559005735512,17.3006604180571,34754.6252454961,103.317119310623,31.3736394947647,27.2989089658057,30453.7518335405
"94","CAGU","CAGU3","CAGU3-2",110.697413372144,41.199035735133,16.197427800821,22291.0455941749,107.805874780013,25.6779012881073,17.3073780638318,19460.7511935616
"95","CASYf","CASYf1","CASYf1-1",94.8800373962388,23.8350226685568,13.4708532706911,11251.5820058452,92.4712718450999,18.327574307387,12.1315313232115,8683.26313260763
"96","CASYf","CASYf1","CASYf1-2",91.7419111791452,28.3870758768679,17.1192571772731,19764.9064212905,82.0382855860865,20.1505460027253,16.4731518427351,9476.47253962063
"97","CASYf","CASYf2","CASYf2-1",95.4154529322342,29.4594038687479,18.4357419112402,18515.4392407923,90.5027842610545,15.6693371626505,12.197890950233,7322.83568512981
"98","CASYf","CASYf2","CASYf2-2",78.2535776894826,28.8791350145913,10.7413685244685,10747.7015284506,70.0399075711858,16.2284423104157,11.2869488883023,5266.45694165558
"99","CASYf","CASYf3","CASYf3-1",75.0293183599018,23.9089370017072,9.11194389055833,6580.97421567559,65.0619299416116,18.1520536782414,16.2960276963471,8692.49240132548
"100","CASYf","CASYf3","CASYf3-2",69.0334047231528,25.4627613383626,12.5417449690334,7225.36769275391,74.0947943891385,16.1694428236285,13.522960212049,7072.51600315377
"101","CASYs","CASYs1","CASYs1-1",91.8775923099677,19.0752724915856,12.982383045754,8873.73985399364,87.0426311180008,18.0436178589018,11.2087169003668,7422.68279542554
"102","CASYs","CASYs1","CASYs1-2",74.5117187885816,18.5680143976499,14.9202071213771,7339.89620403626,65.7610911039385,16.5379471085864,9.68772183246216,4750.66891304739
"103","CASYs","CASYs2","CASYs2-1",61.6660307770641,16.547619649877,14.4379060129123,5102.43997780232,54.8565170509046,20.8972065803385,12.7783818872392,5942.79741432459
"104","CASYs","CASYs2","CASYs2-2",48.4867010358048,16.0453811045717,12.4135401899718,3436.49090534453,56.6004623220803,13.985490877381,7.13406960145027,2943.0019131542
"105","CASYs","CASYs3","CASYs3-1",48.3743167165557,12.6560274811763,12.2498349813365,3019.87145927709,47.7757886710365,12.8129856673791,9.07673577597183,2386.3608552963
"106","CASYs","CASYs3","CASYs3-2",61.2730943481936,16.5814994381035,15.0352263339424,5143.23469540993,61.9201819324271,14.7870394035853,8.7195867644225,3625.45667109979
"107","CHLA","CHLA1","CHLA1-1",82.1978164862128,14.4798995674226,11.6973093308621,5498.67395272733,71.2695096143804,10.0310865019678,7.40654287101325,2166.38456211082
"108","CHLA","CHLA1","CHLA1-2",62.8644113112411,14.693700570336,4.80622308898146,1598.6307526347,56.9269841749841,13.337031671472,6.79885596338529,2060.19089317372
"109","CHLA","CHLA2","CHLA2-1",68.8232976997914,16.3151741587411,4.96232106781401,2185.89208876814,57.4990972321922,14.7728193318846,13.7151064171212,4465.01691997948
"110","CHLA","CHLA2","CHLA2-2",64.1552085024204,13.1531438296937,3.53241083753965,1185.56151763111,46.1029204095342,10.1864194675822,4.92821181703503,1000.04799631547
"111","CHLA","CHLA3","CHLA3-1",74.8860583012407,20.4684765049889,6.72113822454725,3681.38321100957,65.0467321050709,17.5836706461217,8.79728864462319,4000.1700859605
"112","CHLA","CHLA3","CHLA3-2",67.5838399713689,21.30915656653,13.9393899257431,6043.1282923943,59.9170883176848,12.2558668961051,11.2166062884085,3174.50823615208
"113","COLA","COLA1","COLA1-1",50.6987144662301,25.0898541408957,10.3046219620857,5627.38089387547,50.94873619711,25.7138253073308,8.30276027839984,4971.48636780076
"114","COLA","COLA1","COLA1-2",33.5578187621673,21.3312747882994,8.74826775599645,2415.53375622667,34.9991428736122,19.0321575266319,6.56193796848052,2057.71591735651
"115","COLA","COLA2","COLA2-1",38.0288320388609,23.4182133804409,4.65561370365813,1653.81295578677,35.8715697681821,24.9547081500341,8.70280275530873,3178.51148863655
"116","COLA","COLA2","COLA2-2",31.0792098422869,22.709364664237,3.64738223094716,1143.1343550544,31.8461754902272,23.48598635551,7.76258034234822,3053.30608442055
"117","COLA","COLA3","COLA3-1",64.7023961975885,34.9332127293029,9.12676493672332,8990.77557332886,58.71560052322,35.5939827921078,10.3781349881717,8837.20744858563
"118","COLA","COLA3","COLA3-2",49.6292137015922,33.3887889405529,6.92367161362662,3988.65849229165,45.814133299056,33.4682012151401,12.9308886499855,8564.55991238812
"119","CRFL","CRFL1","CRFL1-1",149.800537792775,72.7260779843834,48.7198843613935,150762.994834866,111.265215318273,66.554857443363,34.4979239613477,77964.3111324792
"120","CRFL","CRFL1","CRFL1-2",152.225309157001,58.0802048981251,39.4977858152785,103718.178362204,121.212376835109,46.1838248821058,53.8077292555191,67258.0856634615
"121","CRFL","CRFL2","CRFL2-1",127.595009699012,60.5827592467645,31.6760374744793,77558.4246747104,106.943034512511,36.4365162509122,37.1064554701098,56618.354026431
"122","CRFL","CRFL2","CRFL2-2",91.8494133233106,53.757484494632,21.2090338113528,40414.6681224705,102.606383468943,33.4006418995336,13.5605448598223,20329.9420687355
"123","CRFL","CRFL3","CRFL3-1",148.291856035948,83.4442185880811,23.7804617252971,93550.6984578436,135.570592628471,64.1517888856767,35.7153071365536,95710.4898689034
"124","CRFL","CRFL3","CRFL3-2",NA,NA,NA,NA,118.198100279229,57.7967048012199,25.6811205897712,63919.6637495978
"125","CUVE","CUVE2","CUVE2-1",127.56607749771,47.5313047982199,13.1357943680898,32462.3963572311,106.947120750846,37.9659195080064,23.9163760404886,30685.5397339696
"126","CUVE","CUVE2","CUVE2-2",92.5552875561668,35.0519920788051,9.4908621072991,13210.0190625515,87.5534215272421,30.4004787016229,19.7768322240232,17831.1383806102
"127","CUVE","CUVE3","CUVE3-1",132.25557316157,45.1280651195235,10.8866778194672,37986.5767372258,120.293416679237,44.1885797935206,34.9850826573073,71515.9596302235
"128","CUVE","CUVE3","CUVE3-2",126.712020395789,53.2533725905163,16.2902098124595,50159.4405988872,128.386755960034,47.8303970457539,26.6397555440872,57360.2986237062
"129","DAFA","DAFA1","DAFA1-1",123.932256681283,16.7815163396478,11.2606467827715,7178.84993950862,92.4106649525025,31.7787909164339,16.2951777885324,21544.5817895817
"130","DAFA","DAFA1","DAFA1-2",116.647511452865,18.1678925726051,17.4942247099825,12085.7918253382,101.472854329856,28.7580207376715,14.8785502284905,15298.1433724814
"131","DAFA","DAFA2","DAFA2-1",101.307072598,17.5175584545483,5.69437940670572,3279.41584474721,79.6562429238569,27.1352234060966,15.566688168392,14457.2669856468
"132","DAFA","DAFA2","DAFA2-2",80.5233607309665,20.1758448347213,5.73204298378455,4264.40945308481,63.5618284184562,26.233654130915,17.7170584947465,9470.41889902434
"133","DAFA","DAFA3","DAFA3-1",96.7374227566049,18.5079021328628,5.27855421825153,3796.24828593752,74.770824747892,27.5390264841876,17.4304753760579,9948.94626579111
"134","DAFA","DAFA3","DAFA3-2",77.5885570426753,19.2892527643541,7.20443655920008,3659.04154233967,77.4800512787972,19.5848681081778,6.75895674219629,4383.9231094925
"135","DARA","DARA1","DARA1-1",86.2209361081042,17.9778365825203,7.98341728450382,4234.02099894526,80.9508279350321,18.1609614719401,13.7930215812433,6081.16322712896
"136","DARA","DARA1","DARA1-2",79.4836806458342,20.4919796458693,9.07131384162221,5374.77765820643,64.0437382898724,20.6219455381897,19.8111780615979,8235.98514794466
"137","DARA","DARA2","DARA2-1",74.5538485513938,20.7076989206604,6.18856667269491,3832.49309117792,71.0066736880384,20.6172161145016,12.3558656877551,5805.83638726688
"138","DARA","DARA2","DARA2-2",85.416507691621,22.5699951841709,10.0346063357652,6593.43857699953,76.844542619884,21.0636477892839,14.9935485302984,9101.002943384
"139","DARA","DARA3","DARA3-1",94.4787563713961,26.0029319963896,6.40018325788256,6336.08138826366,93.0458942586729,23.743794724572,15.0956932507947,9908.78440261012
"140","DARA","DARA3","DARA3-2",76.708446737387,20.6416029712997,5.46190889885311,3513.10574101973,69.2357920976884,18.1558335743826,9.95284467732915,4780.12742230123
"141","DIBU","DIBU1","DIBU1-1",109.773167477665,157.226013484146,58.3269056995949,231160.184035206,160.322090831453,80.2894197258503,47.6127469785756,199029.590487229
"142","DIBU","DIBU1","DIBU1-2",163.47724430732,83.9493299106279,35.4831553089519,205229.913903194,146.937846987421,70.6527343666589,36.9843794838706,107719.149479725
"143","DIBU","DIBU1","DIBU1-3",118.292022060998,91.8872145052081,39.6472852352349,132404.680944185,108.747649737075,62.7160724391646,33.1310091243068,72693.8632128314
"144","DIBU","DIBU2","DIBU2-1",144.323620982194,72.8900587010611,24.4082409147447,88961.4017404801,132.14803154342,61.700019656482,38.1029629626597,100870.068654646
"145","DIBU","DIBU2","DIBU2-2",165.305551183092,87.8750002433986,50.9101532054967,258172.440414765,148.379119474194,73.2824335973333,43.365792283982,165696.632937185
"146","DIBU","DIBU3","DIBU3-1",152.18075241371,81.9593243720425,46.9542922053549,193355.669150128,149.069250311046,65.3346066977871,32.3019470032755,109025.258416369
"147","DIBU","DIBU3","DIBU3-2",132.391515724993,83.6738689949854,41.0001131272171,133450.486140158,128.749220336698,89.5739430718291,25.097789474324,108270.593923244
"148","DIBU","DIBU3","DIBU3-3",197.039232090128,119.351463292706,69.7486517006958,667949.625063933,177.31653932795,118.917318713349,66.9822637158328,590435.866471886
"149","DUFU","DUFU1","DUFU1-1",105.755134348687,43.306415940431,18.9227411946213,27292.4048719495,92.7701522752956,44.5093532456019,30.9562512683958,35996.8119653386
"150","DUFU","DUFU1","DUFU1-2",98.7739345257123,39.9634104772417,12.5999189050485,20202.6120307926,86.1475587929832,39.5291662255903,20.6038648969593,31024.1111400594
"151","DUFU","DUFU2","DUFU2-1",102.379157568571,40.9956074368428,10.6199605814049,18853.1784942579,92.1033830077899,41.6173203323857,21.8981293570939,26116.9771844446
"152","DUFU","DUFU2","DUFU2-2",86.1877981445838,32.9914147245992,12.4155019710498,13097.5086480039,76.7949967467722,31.4002233427764,17.1867524947206,16156.3932418843
"153","DUFU","DUFU3","DUFU3-1",121.625317789962,44.134937665569,26.6700831426259,47554.3391029287,121.210186301426,37.891864795738,18.2604696307535,31983.5117133747
"154","DUFU","DUFU3","DUFU3-2",119.389626894973,33.8767492141815,12.3220142882671,16501.099618268,115.109322061999,40.2084185399512,15.5059784574435,26463.2900965237
"155","ERDE","ERDE1","ERDE1-1",101.731059550175,31.3299710209161,15.5962431190072,16273.3557138782,100.828117696543,27.5126135289402,11.1460619628723,12134.1856599792
"156","ERDE","ERDE1","ERDE1-2",83.8476453904571,28.8238029235201,8.82111686347363,8304.28432264974,80.5299061307865,27.3237062777096,9.84656801664912,7746.45906630035
"157","ERDE","ERDE2","ERDE2-1",59.5381542075045,28.1929561676681,10.2996301645182,6919.64352266698,59.257174082324,14.2078778484512,13.5402051108292,4915.61813192365
"158","ERDE","ERDE2","ERDE2-2",49.4896017982905,25.4444486330287,8.96075676105962,4328.66453280742,44.938376303085,20.4507238055109,11.6719536971233,3800.36670363489
"159","ERDE","ERDE3","ERDE3-1",78.9815481285773,39.8642787257326,7.99659255499188,11658.6641762111,75.3258379903043,38.1959415542101,12.213515944086,12777.7797406699
"160","ERDE","ERDE3","ERDE3-2",76.2548433929735,24.6181728706534,6.81223702062896,6305.16622690935,74.5238875102571,23.8018409143706,16.604554632998,9405.7798615847
"161","ERGR","ERGR1","ERGR1-1",92.9578991623726,52.3472643907815,43.6839460882479,66395.9343042889,70.2211332271962,50.3153343526457,55.9710763102287,69832.3209083682
"162","ERGR","ERGR1","ERGR1-2",116.332232200811,54.0938556995089,25.1497932122541,49621.8496318455,96.6871870169617,51.4595956737062,25.3125683304333,46118.7009070238
"163","ERGR","ERGR2","ERGR2-1",107.005647060746,46.6933187552949,15.9933851962605,32985.0573683897,99.2861658678548,45.9409626267799,20.1288564345732,38145.143873971
"164","ERGR","ERGR2","ERGR2-2",99.1028991656406,46.3718976373875,13.0765016192323,23291.6648593872,92.3474969925679,41.7023490604267,19.7520830062268,29108.7370735759
"165","ERGR","ERGR3","ERGR3-1",108.91771374286,50.3046328898294,23.3280655213852,46468.2896608623,102.446780910744,55.9724316228939,19.254316366165,50893.1290290877
"166","ERGR","ERGR3","ERGR3-2",84.3046460096306,47.0159953647245,15.8067883526633,26611.5682639528,77.2119683254408,51.8196135760959,20.737571476982,31632.0907512397
"167","ERSU","ERSU1","ERSU1-1",104.573595484018,46.3969038743906,41.725909577139,65379.2994225603,100.269035058754,38.6791546645061,23.9868078735518,36898.1127759292
"168","ERSU","ERSU1","ERSU1-2",99.8436878422885,42.6581483311668,34.357226033444,57559.4760718746,95.8254736392103,40.8676837977591,37.0636301123563,58291.5996473137
"169","ERSU","ERSU2","ERSU2-1",101.08505895434,51.0118460623906,35.2160714808314,70639.7280161726,109.372859340364,48.5010280371006,24.7446164352037,54367.798179721
"170","ERSU","ERSU2","ERSU2-2",66.6984875560372,49.6825181496905,30.0209443892914,36344.2436557016,67.9200555641989,43.1405971903317,26.666581455948,30057.5515221471
"171","ERSU","ERSU3","ERSU3-1",92.4662074492847,48.9124127956998,29.9194872569022,54433.7231192685,87.1195527985321,48.9316019129725,28.8280506929194,42465.9435169952
"172","ERSU","ERSU3","ERSU3-2",79.5811535167377,43.9903968042668,25.4882810282828,30073.8373214735,76.6403867275553,33.6573746639794,22.386207892798,18179.775078337
"173","ERTO","ERTO1","ERTO1-1",174.484218372809,53.5843816975215,23.0607774785833,89344.8471733222,164.627752317495,41.8955989273652,27.3257705025541,64243.0377399671
"174","ERTO","ERTO1","ERTO1-2",130.25832895799,36.063011858515,18.0529839761934,35120.1552435039,128.713852533491,36.1529051962412,19.376471355958,36178.2393837442
"175","ERTO","ERTO2","ERTO2-1",118.71014073013,37.9939159700812,26.1184385483903,39677.9117822013,112.854197402922,23.4535252361322,17.4254051351084,19997.9713900736
"176","ERTO","ERTO2","ERTO2-2",128.36819310185,37.3173722965597,20.168338340468,33413.6963171311,127.526032193079,22.6314550076279,20.7133266918037,23752.055886168
"177","ERTO","ERTO3","ERTO3-1",131.580818100161,40.7384616969358,18.9484413549878,32586.0239843384,124.043548690756,26.0440658508501,19.5836375038337,25554.6972001288
"178","ERTO","ERTO3","ERTO3-2",113.951097666821,35.7627051715673,21.9514235842733,32171.2914536074,105.997719024433,25.9376957063794,25.2369632489873,22557.8856310831
"179","FAMO","FAMO1","FAMO1-1",146.542455261015,63.6557914932526,31.4357938165465,87550.6108887771,112.184315185886,57.0547912114411,34.6386492206797,70489.6463229959
"180","FAMO","FAMO1","FAMO1-2",132.899227300069,50.3482275418767,16.1859025954139,40105.9024481895,111.592903304078,45.9078444927336,32.0453968208307,44715.7679101995
"181","FAMO","FAMO2","FAMO2-1",140.731018386459,63.7341271381892,19.3623194194547,57818.7506735617,130.01237242204,52.0652885043444,37.3975413248422,72242.8370080387
"182","FAMO","FAMO2","FAMO2-2",136.099044088709,59.2641260190369,16.205847749186,47866.3325348391,126.260855162961,60.0564115775244,18.3401694384768,54698.4699513823
"183","FAMO","FAMO3","FAMO3-1",160.788089696636,57.6416515004449,13.0346023769103,46523.3556486103,99.5091631921844,55.0041054215851,54.8571025812508,103179.015974092
"184","FAMO","FAMO3","FAMO3-2",169.897763287425,47.9171312385844,16.1844719238472,38963.2041566508,103.791645586047,54.0674546259818,41.8964898777063,91360.0878378464
"185","GOBA","GOBA1","GOBA1-1",130.993768359255,55.7065955269644,47.7304965862254,111061.220387553,130.584803435244,45.196347633233,23.1760301523245,38315.7128331924
"186","GOBA","GOBA1","GOBA1-2",107.938704859837,35.8094189802559,16.2500847439029,23409.8843693168,99.4840460933883,18.4935160551101,16.2746492500854,13650.1582591253
"187","GOBA","GOBA2","GOBA2-1",124.766152086516,55.387966030546,34.7170072977496,80515.6437428925,108.690858778522,50.1234523252947,27.1738263633331,48557.8584789862
"188","GOBA","GOBA2","GOBA2-2",115.069907682861,35.1027660342385,23.1650302897616,35931.0453146518,104.952588351645,24.0017955799419,22.2642626569029,23731.1994244264
"189","GOBA","GOBA3","GOBA3-1",101.30572832197,73.1642730133152,41.3937281850747,113800.590139422,96.5560131490385,35.3660012243678,29.5091251530225,40608.0938834516
"190","GOBA","GOBA3","GOBA3-2",114.193384597271,45.4263198461859,49.1276753350902,85105.5418608156,108.403154664638,28.8307626731513,28.7079680583413,33658.1385722103
"191","GOPO","GOPO1","GOPO1-1",135.492108229639,45.8667601662505,19.6569635884304,50110.7914596585,118.526609678391,23.0316490169469,18.0376629361361,19373.5046633039
"192","GOPO","GOPO2","GOPO2-1",130.717299748314,49.987152872531,30.5225843029926,76043.6052331194,126.769834921836,23.0403005035402,19.7179099648677,24419.9468238696
"193","GOPO","GOPO2","GOPO2-2",102.898116199669,41.6103495675959,18.5212659967363,29809.4653760308,92.1568075368137,19.5694655252089,14.6797617264011,10936.122123437
"194","GOPO","GOPO3","GOPO3-1",117.744135697693,48.3853406449491,14.8596328684942,32668.6960688031,112.254649175854,32.7482648960801,19.709013941206,28807.8618034265
"195","GOPO","GOPO3","GOPO3-2",129.79301803045,45.1472859311592,16.3774356185781,33775.897935179,116.059856746723,28.3743450464877,31.2222629877122,49049.0657936325
"196","GUNI","GUNI1","GUNI1-1",122.867081649327,35.5712840836707,14.2703468272697,24471.4482743303,78.5412594445015,29.6623971373473,34.5277960271975,27574.7832308753
"197","GUNI","GUNI1","GUNI1-2",107.408522003007,34.8272631861141,15.5035200818829,21998.7502101772,48.6195662142324,35.9424622966588,32.6374852248179,17519.9771755458
"198","GUNI","GUNI2","GUNI2-1",102.273765774471,30.3920571486736,9.13500593572981,11587.3476148227,89.6669662118525,24.5309650173417,12.5439011345869,11465.6565518849
"199","GUNI","GUNI2","GUNI2-2",134.268126804595,35.7515460627694,11.605159472672,21784.2802266156,92.1899036923848,27.3818119294298,26.0060884466699,24189.8902193965
"200","GUNI","GUNI3","GUNI3-1",132.133827890754,37.064614924998,11.8438637748716,22874.2678397582,102.623645454318,37.6340779090755,19.4011768604446,25626.1317259076
"201","GUNI","GUNI3","GUNI3-2",99.8625167759865,29.5812133768666,11.5935535330873,11639.6246105142,72.8023210797602,32.8842066323535,24.5202073007785,20065.8705128269
"202","GUVI","GUVI1","GUVI1-1",156.254083823233,66.1464567063218,18.848303213305,48604.3387107908,134.198499722571,62.8540472565747,11.9801786538835,33138.4018428209
"203","GUVI","GUVI1","GUVI1-2",149.210580829808,85.5657638946563,27.3784764888341,108572.086012266,119.509997523927,73.9554073860779,20.5468155933257,64199.8264368584
"204","GUVI","GUVI2","GUVI2-1",195.300877965837,71.5338831658277,27.9818932266331,96372.5032457087,156.096738223897,33.1709598189456,35.3893036959388,58654.8362697327
"205","GUVI","GUVI2","GUVI2-2",198.777286026952,62.5543804630954,23.5840819271858,69259.8841701141,162.505452952449,56.318907837296,28.0606637460184,87781.4573333392
"206","GUVI","GUVI3","GUVI3-1",166.098701000471,85.2716158539892,13.0806059653181,61801.4264370182,142.57702682268,65.9787289364689,22.7008766830812,74897.5926915846
"207","GUVI","GUVI3","GUVI3-2",131.453994627661,79.7714535578179,15.9537251755205,56157.3013588848,119.199205745763,69.4847436613109,15.5518356278674,50196.2752313622
"208","HEAP","HEAP1","HEAP1-1",69.9967263892212,17.2153131469451,5.64309916892356,2727.6228167162,61.7124426766548,15.5871880623767,13.3698148560827,3713.20022516309
"209","HEAP","HEAP1","HEAP1-2",72.6628033883337,19.8945770691235,6.35216980098825,3378.20993020729,56.8233464706325,20.2595830295118,24.0173059728604,6958.37188420973
"210","JACA","JACA1","JACA1-1",33.5033964611677,8.90778152127745,5.08935149935134,648.282185773273,29.6676137112366,8.03258650606864,2.29548940757497,227.545529505871
"211","JACA","JACA1","JACA1-2",29.727801934255,9.04597505034801,5.2069030492094,517.637397008373,27.0456259941203,7.43701831273018,2.73052033180605,254.983401588994
"212","JACA","JACA2","JACA2-1",35.89402688461,10.6862482918027,3.19291289207108,530.831470330708,35.2681092505781,8.56839758868926,2.3018489229601,278.866673582248
"213","JACA","JACA2","JACA2-2",33.1089237269563,9.35638085271306,3.96976590606673,542.507791485498,34.1423316744072,10.8352395965635,2.09633056713841,306.725624086181
"214","JACA","JACA3","JACA3-1",36.171988918735,10.9707764762893,3.88353397280061,764.858556260774,29.9951332632777,9.73133092303182,2.49958740993597,342.458940522331
"215","JACA","JACA3","JACA3-2",38.0899848697603,10.0798740215284,3.55307777381071,621.178035309049,36.3574976197037,9.15056507981314,2.49280505196027,333.677606573002
"216","KICO","KICO1","KICO1-1",194.007850260546,62.5671147918483,39.8620827660584,102096.634724755,159.976504947627,51.8856833079498,44.9474689629534,98326.5435431983
"217","KICO","KICO1","KICO1-2",176.501420373873,54.4456164166523,23.8065552722186,59297.2180410504,145.295160883367,40.4658189045496,40.2512762669365,73466.3354376538
"218","KICO","KICO1","KICO1-3",164.159401027199,61.0020381592172,14.340377435961,39186.8849803001,160.140974678066,41.8963403379088,43.6151230175341,80016.4767006076
"219","KICO","KICO1","KICO1-4",144.984840817608,51.216860492042,20.3249200016422,45028.0774069698,136.378986360035,42.0749196744747,37.2345782574391,53521.8584415073
"220","KICO","KICO2","KICO2-2",141.442874352399,49.5695346832812,11.1169528874651,33350.0135489713,80.7164297846049,55.5260781357463,43.2220064532908,65325.0303365706
"221","KICO","KICO3","KICO3-1",129.457741138705,51.6002452940475,12.4961940979502,30945.0259926576,96.867553223225,44.6769612004557,29.3527386997216,45858.5265945341
"222","KICO","KICO3","KICO3-2",144.369463707637,59.2820988136476,14.5836685622062,43516.1133500476,115.157541924085,49.5435183295609,20.7268142648178,41945.132525343
"223","LAHA","LAHA1","LAHA1-1",77.1399991010179,34.5405337650787,15.450601979855,13834.5153945871,64.917191019521,20.242218495185,14.3548212262995,7295.62891008895
"224","LAHA","LAHA1","LAHA1-2",98.6800519131704,36.9780802965119,10.503105364008,11433.9366327014,69.6246957247681,30.5607736785617,21.9575012529221,15677.9411526635
"225","LAHA","LAHA2","LAHA2-1",119.186267477706,41.1270066057549,20.3996151692831,37478.5603619313,115.398819507498,24.7693999230607,20.7205741247743,22577.0975788017
"226","LAHA","LAHA2","LAHA2-2",121.719500177088,38.4825591800176,9.59877178590295,18608.7634261837,103.073376302159,27.4146024654272,22.0134878608382,19989.995666089
"227","LAHA","LAHA3","LAHA3-1",120.987861589017,37.2529354617944,12.6161150430437,23272.40234887,91.1538625637385,25.4667843559166,12.5780735849836,11824.6351869066
"228","LAHA","LAHA3","LAHA3-2",100.900844949713,32.5266987656261,9.49868842339113,12869.5729065071,86.2543666516539,20.5606705449356,12.4321525761118,9080.28939608087
"229","LEEL","LEEL1","LEEL1-1",54.885667392678,25.7888867262318,6.9760914514598,3491.03872576747,51.3189911405857,23.583974536009,12.1689650400497,5642.7961640423
"230","LEEL","LEEL1","LEEL1-2",42.8331247282642,23.1932509349753,7.75531272004377,2553.79379989299,40.2575760526397,22.3537213725426,8.39110868668094,2918.35348330627
"231","LEEL","LEEL2","LEEL2-1",65.3961022295973,31.429593144981,10.9657586042049,6378.11118993645,63.0195025527423,29.5183184311381,12.956885226232,8323.71040937644
"232","LEEL","LEEL2","LEEL2-2",78.841135987731,41.0890695819387,15.2294217693499,16523.4397023346,73.2674929720562,39.242199607196,16.9030139823455,18667.413275246
"233","LEEL","LEEL3","LEEL3-1",77.3298727328853,37.5187394818066,8.55276163002891,9217.27316522753,70.2915013257924,37.3244835438349,17.4633050835727,16504.4629794394
"234","LEEL","LEEL3","LEEL3-2",63.5467853613021,24.3042335114865,10.8522220453379,5995.46853095808,60.9942537843446,23.0102656139953,14.1536055662193,6694.05484246755
"235","LUCA","LUCA1","LUCA1-1",130.134596134217,63.7006708991329,11.8588200144255,38417.1069536601,111.636979273729,55.096859704543,26.234859874636,58292.6684633452
"236","LUCA","LUCA1","LUCA1-2",114.977967038117,64.0738027558237,21.3363584966813,51738.0362677439,87.1583833230051,57.5396117090838,25.9842736468504,45975.6597089661
"237","LUCA","LUCA2","LUCA2-1",117.330294955806,63.3440981078884,20.8435970197506,54090.133652578,103.828552429231,45.5579710451275,27.3902579295985,50576.1570581854
"238","LUCA","LUCA2","LUCA2-2",113.961115674694,61.0881324458267,14.2692653245418,31624.7481546228,97.8260801356711,55.9501776779183,25.1693080820844,48682.0337185778
"239","LUCA","LUCA3","LUCA3-1",116.433949933801,73.5461505202372,21.9222898520112,64620.6113444595,101.238471764894,53.6757889449315,29.4218879862578,52115.0933790278
"240","LUCA","LUCA3","LUCA3-2",83.2246126806023,54.9912423977562,10.4110428077408,18374.3095560762,66.4970738249315,41.6242261255809,20.6559749693394,20389.5113032259
"241","LUGR","LUGR1","LUGR1-1",108.185090290236,85.8579457493171,29.0483340737471,108790.913375634,102.207798552675,82.5815737425065,23.920715284767,77374.0587337587
"242","LUGR","LUGR1","LUGR1-2",120.221346587431,83.2534375228195,23.5279293520976,87948.8014632876,116.321236962559,73.599118079646,26.1586697537772,82391.6887694185
"243","LUGR","LUGR2","LUGR2-1",131.975976512148,99.26233867116,32.5622314644726,141018.246947099,113.305210345137,91.0038514677327,23.5421639043869,114217.594969673
"244","LUGR","LUGR2","LUGR2-2",124.055434772663,91.0591232904613,37.9945884532442,145579.020306815,124.957543468609,78.7981157751583,19.7886969215821,85618.7986709984
"245","LUGR","LUGR3","LUGR3-1",130.216369409089,103.371513232645,20.5374294388256,127210.413128894,124.660589974859,85.5758516413179,31.2576913189105,136743.202410203
"246","LUGR","LUGR3","LUGR3-2",106.284887447038,87.1253276942546,37.9876655690992,114174.226181672,99.5522345109719,81.7392469068463,22.0112267390759,63694.5303503085
"247","MAAC","MAAC1","MAAC1-1",66.39159522638,21.791927376218,10.6930297475517,4485.97108524188,67.7192436450752,22.5470845477475,11.3429160892567,6204.49244845605
"248","MAAC","MAAC1","MAAC1-2",56.6109956811185,22.2967097817963,7.43359630592215,3942.84971127173,58.8560910727668,21.4881015726662,7.08681657580789,3882.77157323673
"249","MAAC","MAAC1","MAAC1-3",62.3783175122681,18.5121053364805,14.7553092980232,5773.97934696848,60.7440568909893,15.2898958711284,14.4833762776573,5048.5176365552
"250","MAAC","MAAC2","MAAC2-1",68.0920205498161,27.879688723013,14.0529442368212,9249.78402928113,75.2835740617161,25.1791067582512,14.087359993694,11471.8471703104
"251","MAAC","MAAC2","MAAC2-2",55.4035990878217,25.929921733489,15.4756843621848,7042.32834538018,57.84832118336,23.3463851190789,15.4718803953372,6799.47649641765
"252","MAAC","MAAC3","MAAC3-1",87.3560447492938,27.6914067704837,19.0129774799219,16472.9462336396,84.208639550794,26.756403669775,13.6276899567059,13746.0281732532
"253","MAAC","MAAC3","MAAC3-2",60.9050714630639,19.5273777405608,11.6545377966266,4908.37470738457,56.8746141900977,17.9482786257547,9.93821533318662,4599.50189230798
"254","MABR","MABR2","MABR2-1",55.0152441599984,18.9439788209992,6.54152768985517,2476.25612771565,46.201520929096,20.229728889366,13.4103315494353,4123.25768127993
"255","MABR","MABR2","MABR2-2",59.3040113158869,21.6464361017057,6.89155614894475,3646.79806036129,47.0504570351103,18.01220448345,12.7394680889398,4723.26520956954
"256","MABR","MABR3","MABR3-1",60.3556247014747,24.9289517525904,10.0501678269388,5965.22257867151,61.5344207195702,26.2856036738597,3.66114418905166,3002.00613988173
"257","MABR","MABR3","MABR3-2",42.741460976931,26.1374822625074,7.46657165521617,4304.58330443091,42.1927527849721,28.0275924598669,3.35988469953893,1873.23727408759
"258","MAEL","MAEL1","MAEL1-1",86.3591612023302,27.3253329558669,32.508975392414,26611.2375756051,87.7850687466876,17.026908809917,12.7726458832394,9891.50667052466
"259","MAEL","MAEL1","MAEL1-2",58.9737757812864,15.8242487013841,19.6069567941329,6706.51946171537,59.3992582832139,14.386589572558,12.7645411728809,3863.9222557804
"260","MAEL","MAEL2","MAEL2-1",73.5425490729912,24.9443812518127,15.389694264567,11036.4079456089,78.0107302981867,17.1730614613185,11.4955232402452,5112.63640762675
"261","MAEL","MAEL2","MAEL2-2",68.4433941798688,21.0543206282084,11.7495745086502,5755.62310734267,67.7965711981444,16.5687427038778,12.5235977999656,4981.99984417273
"262","MAEL","MAEL3","MAEL3-1",86.6508469563815,25.2817034532724,16.2091643453729,13434.1372552899,88.3938521443694,13.6614570509831,12.1650081865301,6676.72847432451
"263","MAEL","MAEL3","MAEL3-2",84.4311973990167,23.4790519456574,16.7289080374082,11061.6572314656,85.7390771626757,12.32343158829,11.7907585302658,5253.00142088248
"264","MAGU","MAGU1","MAGU1-1",51.3748493396517,31.2370699158487,5.67170783918884,3718.08344150989,49.004804112946,30.6552316514665,14.0376554170269,6007.24321871331
"265","MAGU","MAGU1","MAGU1-2",55.4874873999193,28.0319443269328,12.8551204015407,6861.44664204381,49.65790013027,21.8361873035296,13.362693735312,6672.50302365764
"266","MAGU","MAGU2","MAGU2-1",62.6659852250385,35.8261516730515,10.8192857815901,8623.50437017832,59.7881631085585,34.9607019186986,13.4464299733812,12828.115137555
"267","MAGU","MAGU2","MAGU2-2",43.2707739243953,25.604097530936,6.02698456407497,2583.49285937974,35.9356763614677,26.221148088973,16.1222110286628,4856.76718881134
"268","MAGU","MAGU3","MAGU3-1",39.0664819724358,25.1241666429373,6.77908396309554,2359.27532157731,34.1682744353357,24.8510876267531,11.0161418042547,3783.63470919214
"269","MAGU","MAGU3","MAGU3-2",45.2165533020772,27.0071224295951,6.34001487935174,2975.49494925193,43.9866449572536,22.8211414454784,9.47408906355121,4191.86037340268
"270","MIAL","MIAL1","MIAL1-1",109.576893950228,48.1527117321115,8.44643883901387,18572.8903996928,78.0307630866436,36.0659129546105,21.1078961036204,17146.1447260641
"271","MIAL","MIAL1","MIAL1-2",131.275750423452,60.8600677707425,19.7217735374538,54032.2545560555,93.1950716985044,53.3067318934898,42.5439501443282,57669.6021359202
"272","MIAL","MIAL2","MIAL2-1",107.645927181728,49.9834227831362,11.318801566696,27435.3956982798,108.173698300097,23.3844080636092,19.6519333395601,17764.4307283641
"273","MIAL","MIAL2","MIAL2-2",88.9210923027596,45.595959040273,14.7309358222895,18494.7783858021,83.3894024147495,33.9687984854649,19.7791969342106,18254.5453116534
"274","MIAL","MIAL3","MIAL3-2",88.5167188799927,45.744408125694,9.38805251190883,14883.4813861054,83.2230186126708,36.613131298145,13.1624694216347,15297.0348522532
"275","MILI","MILI1","MILI1-1",79.1007903145095,37.7753587645577,8.06581797996875,9280.34674497197,62.6378869637979,25.8617478850499,10.9868159613664,8692.55591581286
"276","MILI","MILI1","MILI1-2",57.5283545605466,30.6867775210474,8.2696630829131,5902.20244116643,51.7703188978388,17.604802860637,10.1391323778869,3516.1031210918
"277","MILI","MILI2","MILI2-1",57.073171943314,22.4250438945744,10.6472459519284,5267.56901613776,56.0615538842227,24.5424029628605,9.72797912067973,5641.61746900655
"278","MILI","MILI3","MILI3-1",69.1966577418958,31.7792918968034,7.26205078431607,5878.76772046364,59.0077088944995,28.2004153731952,16.5648789435,9191.75434165798
"279","MILI","MILI3","MILI3-2",48.6291940271453,20.1081122586286,4.32236360469957,1961.95103435546,38.6782504904669,16.6741316826958,7.81581797480719,2139.87454274625
"280","MISE","MISE1","MISE1-1",115.533195092843,34.1804194309161,38.063455832636,30976.7464636998,88.3480023506177,32.9050046104857,10.8643582355418,10166.0622204435
"281","MISE","MISE1","MISE1-2",84.2125432177989,34.0486616141057,13.5992833941661,12573.0566133025,86.5448288023038,28.1415193546042,7.34846379982005,7644.80442714355
"282","MISE","MISE2","MISE2-1",129.914871265169,33.6915903537885,11.9353447358626,15470.1612081844,95.0580597880375,26.0963639145276,14.1731523386347,11476.9914188753
"283","MISE","MISE2","MISE2-2",116.369811727567,35.8818186501897,14.8095076071022,17537.2656995266,95.1792983172143,31.1415454109264,15.9520543752147,17071.9717529592
"284","MISE","MISE3","MISE3-1",74.5675223606386,22.1479079555944,12.8808234022349,6015.17413868499,65.465403615564,18.3514381754712,6.58860002233875,3448.21877491959
"285","MISE","MISE3","MISE3-2",85.9351053263589,26.8637425056812,19.0073269186311,12063.919339132,74.7798141857218,24.2465166586077,6.233203319047,5402.78955911663
"286","MYFA","MYFA1","MYFA1-1",50.5501605119963,14.321989671016,3.80648775504166,1126.9408663305,38.9063264747376,21.8389684731044,12.9129644210501,3754.47664077224
"287","MYFA","MYFA2","MYFA2-1",57.9529658155915,18.7883484405577,8.56407073933063,3749.52086553853,44.7051754625091,16.4978276018157,9.26448450771017,2866.72167492569
"288","MYFA","MYFA2","MYFA2-2",59.6959106674437,15.5212317370406,5.2110431126681,1824.03034648924,54.6133048535636,13.0317866927504,8.99143601808373,2175.15963947316
"289","MYFA","MYFA3","MYFA3-1",52.6903838152567,20.8347680202879,8.06224698896343,3315.72133416359,52.0063469612409,15.7399569226916,7.78130649381593,2481.80576246569
"290","MYFA","MYFA3","MYFA3-2",49.9918633724775,19.1958813470073,8.33172531602757,2913.5520145741,46.5901257746684,18.4646557025934,7.97693881755786,2710.08824784583
"291","MYFE","MYFE1","MYFE1-1",110.404039805975,30.1111281491003,12.7267868319337,13643.4358327714,106.864621098295,30.7813143883446,11.2492521555198,13339.0566239678
"292","MYFE","MYFE1","MYFE1-2",106.195945405504,29.7902217671299,8.20350938234534,8618.39793050135,97.5053027917852,24.8856892020333,9.08089952464949,8507.76145178117
"293","MYFE","MYFE2","MYFE2-1",95.2082706202578,26.9285621173837,9.46780152216853,7459.34694789685,82.0456282248755,25.2630462854317,15.7944992222394,10864.0934704764
"294","MYFE","MYFE2","MYFE2-2",69.4495892360472,22.3744801984397,7.38826403757724,4171.81854099239,55.3876182436712,22.7897811460698,10.8472321152151,4478.94339350399
"295","MYFE","MYFE3","MYFE3-1",113.764363460757,30.2977686674204,9.68972297115021,12646.6860874584,88.7646788484,39.6566723145274,28.9444186971627,28612.5605147641
"296","MYFE","MYFE3","MYFE3-2",120.912397403535,35.4196598203378,8.89000297890376,16666.2837807598,101.853132236634,33.9076619067897,25.6430522268425,28493.9752331347
"297","MYGU","MYGU1","MYGU1-1",101.564414602191,62.4703568820931,19.9452528757868,49217.9954223759,102.416890585315,35.9199979882903,20.5020852145867,28411.130555396
"298","MYGU","MYGU1","MYGU1-2",116.297325107441,71.7570189050611,19.9994635242487,63775.196850416,111.020035615157,44.9011575184413,30.6236298621785,46964.652143354
"299","MYGU","MYGU2","MYGU2-1",96.7480042511397,57.7919843549105,16.3098109127177,28840.8707537024,81.7028181049083,56.9710053342971,27.9959084963868,43948.3670851183
"300","MYGU","MYGU2","MYGU2-2",91.3771914104041,42.3081959970805,11.0578240805816,18270.3929962044,84.4578757078788,40.243593216295,15.2045981674055,17659.2812471214
"301","MYGU","MYGU3","MYGU3-1",80.5531272787009,36.2195749779837,8.56508426819059,9048.71211121574,76.645183673027,21.2919880000235,12.6215257484208,6814.0278192328
"302","MYGU","MYGU3","MYGU3-2",70.0671271133013,32.5366868520626,5.22895699170702,4791.18649180353,69.423509281183,18.4857145624258,11.283203123254,5345.91004483854
"303","MYLI","MYLI1","MYLI1-1",84.4905772803499,31.9886866353611,13.7653404396614,11609.770508781,134.044514135416,56.3472568586367,23.1003890758352,69188.9417694507
"304","MYLI","MYLI2","MYLI2-1",104.945632909855,30.4755975947481,18.6153886047432,20448.4903309817,102.443560800421,34.7807817486427,25.6103004529282,34310.9830768372
"305","MYLI","MYLI2","MYLI2-2",114.558195530271,27.5095471065873,10.0406554871525,10209.1948839319,107.94350372082,29.8208829317523,27.1177388273237,24426.0419424939
"306","MYLI","MYLI3","MYLI3-1",121.643165527377,38.3885759707204,36.961883168902,59742.4614297259,106.312386596226,36.0999571703847,26.3494530858002,45304.9605189796
"307","MYLI","MYLI3","MYLI3-2",123.953310880833,36.6328009570001,21.1151253727843,31627.3625013185,127.192397977312,32.6801611316571,16.1086799704039,25828.6541055405
"308","MYMU","MYMU1","MYMU1-1",53.873159274141,23.203784824468,8.91327732098425,3876.50474219694,34.8489218950619,18.7161875158046,23.8846577717406,5124.62058772375
"309","MYMU","MYMU1","MYMU1-2",46.3783301064333,23.133158523591,7.36704157118151,2757.10649428897,39.0062987919028,20.8530085902145,12.5386897880404,3393.55783457369
"310","MYMU","MYMU2","MYMU2-1",63.0150319543166,29.7147666339668,9.10722789597309,6388.93601686974,55.8859915649144,28.6191027038608,13.4126746178504,8869.02041084575
"311","MYMU","MYMU2","MYMU2-2",49.2365074908633,27.7559539209471,8.28021721967654,3633.5521502966,47.5974562010482,28.5559659610163,12.2941827743503,6111.8144833798
"312","MYMU","MYMU3","MYMU3-1",48.8081201674846,32.702896492318,8.11321603692102,4502.22599065285,46.9047412382921,33.821760084872,11.6046979033748,6431.98817122144
"313","MYMU","MYMU3","MYMU3-2",51.3309768512836,27.9851276289546,9.65709058808509,4848.32262844196,48.8295933545948,27.7729993770938,10.7642223856308,5152.40464170757
"314","MYTO","MYTO1","MYTO1-1",69.544002543498,29.9307646053048,14.276346851242,9338.23436891226,57.9700949451058,25.9067059264364,17.6545605169616,11226.9545131188
"315","MYTO","MYTO1","MYTO1-2",97.1684872529303,45.7337579131353,21.3846231827736,28462.483888673,85.25131097021,25.832486055124,18.8429863490631,18179.0489914492
"316","MYTO","MYTO2","MYTO2-1",94.004943252374,38.3033804587333,11.4755985888909,14081.0919267671,81.8836816993033,38.4692218202827,26.9945839227433,25688.3121649627
"317","MYTO","MYTO2","MYTO2-2",NA,NA,NA,NA,82.2898710611695,45.8498881753179,27.4696302674483,35044.0359931388
"318","MYTO","MYTO3","MYTO3-1",82.5258763402552,41.8280522318135,18.2726663181363,20928.4701481787,77.3592785416783,39.0828965237104,15.0055816232863,19772.7376455643
"319","MYTO","MYTO3","MYTO3-2",89.3889298187054,41.7388613240414,17.0632326305389,22498.0485407202,87.9949511788458,40.8236870895342,12.7580007324216,19523.8463899441
"320","MYUM","MYUM1","MYUM1-1",84.4065180258752,31.5296696720551,10.6589000085149,9614.80960295925,86.0183599466291,30.53253982749,14.001057222989,12979.6097288416
"321","MYUM","MYUM1","MYUM1-2",84.2138418751411,29.7632178222686,9.77481702851311,8620.08962432525,83.5231717735156,27.8476696739973,11.5690705399405,8049.46127444612
"322","MYUM","MYUM2","MYUM2-1",144.90029279806,65.5797906923608,47.6548372946696,148837.113457763,149.396491195293,60.3629815741168,25.8282547339962,76576.2883514571
"323","MYUM","MYUM2","MYUM2-2",123.945255180837,41.3452400149063,11.6072774853567,20592.1727386462,118.586738741362,40.0358891645571,10.010587681425,17308.0932688926
"324","MYUM","MYUM3","MYUM3-1",120.951406181647,46.2617323460248,17.7726719864143,27017.5764745655,111.557156800224,27.0497853498123,21.1335567089437,21846.390771004
"325","MYUM","MYUM3","MYUM3-2",145.495892666033,58.3134365048199,24.9517212102399,58483.2597815386,139.497411438559,47.4174670616585,20.9247576031567,44877.2099084592
"326","NECU","NECU1","NECU1-1",162.43270612959,38.6677499889879,16.5837266052862,43192.4360808967,140.820663747361,24.547452996458,17.2751430682087,21571.4396877067
"327","NECU","NECU1","NECU1-2",157.046225973232,36.0953153311638,22.2420822341591,42999.7551908761,145.585471560265,18.3714839752529,13.0958873413987,15679.5302822755
"328","NECU","NECU2","NECU2-1",169.726152901922,42.6619221294772,16.4175722542597,38538.8837516512,117.56482451166,35.8454315085567,21.2837557367391,32019.1577789028
"329","NECU","NECU2","NECU2-2",NA,NA,NA,NA,132.441606369199,33.0592136892235,21.6263900575384,33667.2186780134
"330","NECU","NECU3","NECU3-2",160.114717603368,38.3682211113007,30.7870637257021,68631.3475332909,150.448470900957,20.9834925587866,14.0101353222674,17949.8729107203
"331","OCCO","OCCO1","OCCO1-1",97.5326755183615,27.100254749053,22.555448498391,18762.2646954672,85.1305060232324,22.67015093649,18.3486861338072,11699.466148968
"332","OCCO","OCCO1","OCCO1-2",88.652666927934,29.2188415981213,10.0825522845868,9573.31336153981,77.9175422781793,27.3165969160246,9.79379313636615,8371.30657855699
"333","OCCO","OCCO2","OCCO2-1",85.5644981977521,26.1511553977945,13.0067806207332,9123.97276001109,88.6946787724861,20.3088280436005,11.7450364380901,9009.02458745697
"334","OCCO","OCCO2","OCCO2-2",64.5449426516006,17.8259244116138,10.6681164235453,4107.97095548276,73.6469824970906,17.7116208721821,9.73607857289519,5165.56000380796
"335","OCCO","OCCO3","OCCO3-1",72.4109107161132,27.7672692097197,11.4751985180775,7653.38254843186,78.1183157312449,22.4813540762445,13.6177202769373,9084.88344670802
"336","OCCO","OCCO3","OCCO3-2",64.8031478757551,27.5302367749999,10.1884555843298,6255.02665123339,60.061041194231,25.415590048133,7.46822983415166,4685.19650171096
"337","OCMI","OCMI1","OCMI1-1",127.144060732872,28.9232821022938,16.4838855877019,24254.9412656532,115.440490964172,28.5253499498928,13.8689801477456,21425.048514915
"338","OCMI","OCMI1","OCMI1-2",93.4962992645329,29.8118882531651,12.7982286544532,14035.9388888474,72.5611381346809,33.7843509476921,22.7179224339085,20490.2406144309
"339","OCMI","OCMI2","OCMI2-1",108.195728965545,34.7416252821728,13.8830821976413,19485.5204738148,104.033820750548,30.6847444223227,16.7613206457845,21596.8466009369
"340","OCMI","OCMI2","OCMI2-2",94.2687577644488,24.9127290727715,11.1651979465598,10755.5917787569,84.8274743881378,25.7380614558837,17.8260190357514,14669.8419582372
"341","OCMI","OCMI3","OCMI3-1",127.0238901604,34.6576090919112,24.8360831836517,32433.5127943099,121.949626767144,37.7522151690459,21.2891107811473,31958.9166505678
"342","OCMI","OCMI3","OCMI3-2",121.100759458343,37.1567157113323,15.4145130772669,20857.412755686,107.252538818114,35.4602742186541,14.8008933262362,22341.3003567925
"343","OCPU","OCPU1","OCPU1-1",71.0967588247833,34.1109037165003,5.86992932325527,5941.80341576273,67.9421468010618,32.6301721467796,8.4276011732171,7684.96295046091
"344","OCPU","OCPU1","OCPU1-2",58.7602399753206,29.5502699902994,9.88508646480708,6515.36173895218,56.9199594359744,29.7205968966408,10.5694113760246,6584.96028335492
"345","OCPU","OCPU2","OCPU2-1",50.1386063015859,31.286173878481,8.75668223128211,5363.84117637861,49.5948066145806,32.5475764821758,6.38242686159091,4295.76845716705
"346","OCPU","OCPU2","OCPU2-2",41.6618872349288,18.7240567640096,7.46007661538413,2106.36737703261,39.9358868798235,18.1446875542027,3.906616570315,1086.1630043758
"347","OCPU","OCPU3","OCPU3-1",42.6088929964547,24.3092221305937,6.31968175447536,2242.64689274155,41.7858360215759,24.9139425701299,6.99535256524876,3080.65585268331
"348","OCPU","OCPU3","OCPU3-2",52.5642069935056,23.4165557251983,5.08543578321213,2754.1950022085,49.4429155980138,24.3523206574108,6.88650260796927,3583.23001227446
"349","OUSP","OUSP1","OUSP1-1",100.919466105069,53.7067324663362,13.964520999273,38884.8844970739,96.6943669934518,52.3021845771037,19.7388602115513,43242.8591506434
"350","OUSP","OUSP1","OUSP1-2",117.76070301102,38.2821982207144,13.6319696651749,27223.6429312619,114.388554814307,37.8396720459689,20.7228906474811,31308.8756508592
"351","OUSP","OUSP2","OUSP2-1",101.354532301022,60.7657243987495,29.5856727871362,66598.7439580913,91.734801576096,59.8736891846802,30.4994652388744,57037.1846243884
"352","OUSP","OUSP2","OUSP2-2",94.1324956117351,49.9479609229842,23.08384550085,44913.1186074895,91.227109305734,49.1154329911629,27.8538305674694,47517.3076215212
"353","OUSP","OUSP3","OUSP3-1",106.841008930915,55.5281402509704,12.6773189280514,30197.4334074177,97.6720529103132,52.8092229186727,19.3681568570581,44111.4201077528
"354","OUSP","OUSP3","OUSP3-2",112.919921897724,41.5395149721818,9.7679918433973,18556.210864998,104.986461070094,44.9403912914153,20.5104364584305,38423.6908892405
"355","PEOB","PEOB1","PEOB1-1",76.9394396409025,46.4450435818623,14.5655259356722,17894.1921881027,74.2987752668925,41.077550419917,12.2454788203067,12535.5874551685
"356","PEOB","PEOB1","PEOB1-2",85.5211518578946,56.1709667305268,21.9464175157106,35529.7348999769,82.7804198763496,49.029341220272,16.9440569609754,27535.0537040158
"357","PEOB","PEOB2","PEOB2-1",110.544070942737,60.7776265659675,21.9323229677357,49152.6698584253,102.784365740446,41.1127268340062,30.0996865749909,48064.0906946258
"358","PEOB","PEOB2","PEOB2-2",84.4514910669365,42.4999680321239,17.5810333723416,26424.0318267174,71.5572044693999,38.8857752043493,25.8744183160998,25934.0248448496
"359","PEOB","PEOB3","PEOB3-1",65.2627840958958,36.1892686006725,10.5325864364089,8756.93325314112,62.7021933318607,26.9610841285246,7.13068275230562,4280.72460569834
"360","PEOB","PEOB3","PEOB3-2",63.1804821582001,32.8202646620918,8.75692252501612,6684.60813189521,59.4405843867282,29.3591405198704,7.52691906385902,5612.64631963981
"361","PIAX","PIAX1","PIAX1-1",172.951742192497,93.1066268914185,41.7157912866907,200598.53310188,153.414765928699,64.9602641421107,41.6687621446871,153780.168795714
"362","PIAX","PIAX1","PIAX1-2",155.900890972181,69.6960918726873,24.1689228736219,92078.7826038717,92.1938502381107,62.0734918439426,71.4780309041051,122305.097550233
"363","PIAX","PIAX2","PIAX2-1",177.15215901433,71.9165797985239,44.0957438537501,183391.06600085,134.654999255344,45.1006305394299,35.218578749931,90722.6199406109
"364","PIAX","PIAX2","PIAX2-2",165.293756868602,84.025766781879,43.3718238440349,183204.429785222,151.543458616124,38.1163572081743,28.3932309630028,79211.0986385794
"365","PIAX","PIAX3","PIAX3-1",173.276375585129,90.6321773282478,28.9449393291513,157859.778212506,126.94738357408,57.1519521981116,39.2379736902474,131650.234718432
"366","PIAX","PIAX3","PIAX3-2",150.278793079313,76.2930298805414,25.971131539906,102803.589675962,119.997435615481,62.3438943008719,42.9758939234369,115005.209941465
"367","PIRO","PIRO1","PIRO1-1",138.309028453704,92.1182327138273,52.0444065413207,313497.239032907,101.085927904962,134.032072316261,43.1673293750448,265166.288183545
"368","PIRO","PIRO1","PIRO1-2",143.62595797258,90.7912044192036,37.2400014274264,236047.187112919,146.926694270707,85.0808661468624,42.0706763933633,229229.213474096
"369","PIRO","PIRO2","PIRO2-1",114.15983724819,93.6424335756057,24.5771053985792,120188.472602625,121.239130727941,82.3484407499865,22.3405505173639,98214.397415102
"370","PIRO","PIRO2","PIRO2-2",189.250494598145,90.5887209100306,33.9413521201284,257532.034096436,192.535309629979,99.1653030933355,37.8089365382341,284877.330786166
"371","PIRO","PIRO3","PIRO3-1",131.961261233414,74.3039013725026,33.7454835621546,111144.409900043,133.909909579791,67.8223661067899,35.1922226889943,108933.215391619
"372","PIRO","PIRO3","PIRO3-2",123.406726278141,90.1836668623134,39.7471491677514,211262.069506437,133.78097128901,91.5265058362093,41.9806216838049,214938.362668564
"373","PLEL","PLEL1","PLEL1-1",55.3648379814016,20.0443599842735,3.0068574958456,1749.80730266321,51.1928259336677,18.7798542514782,13.4870987561676,5057.28273853893
"374","PLEL","PLEL1","PLEL1-2",54.3962761565713,20.9757913652164,3.34675728114946,1963.78802241961,52.7089077272647,18.542808381065,5.30200796324149,2197.76539518763
"375","PLEL","PLEL2","PLEL2-1",41.1160172931074,25.4351905717789,4.2605543284648,1941.59164546486,41.1182433268858,24.6707229576519,8.14098578537082,3407.99837343844
"376","PLEL","PLEL2","PLEL2-2",35.0566185309185,20.4487923087147,4.59684935625634,1316.01707293877,33.3637643999078,19.4206147593688,4.89542416187391,1869.68235050694
"377","PLEL","PLEL3","PLEL3-1",58.4192024533306,20.8573368868766,7.20203672453976,3900.3119162748,54.5529591387586,20.2929581603084,11.2770437426887,4933.17125172916
"378","PLEL","PLEL3","PLEL3-2",37.3101151206135,15.3175736634209,4.78096140890121,1234.48508574804,35.2614896166512,14.8256403666084,7.35726107968735,1720.09494006002
"379","PLPO","PLPO1","PLPO1-1",90.433746981945,55.7699316464954,31.945719353038,52593.6038628833,86.2637786231917,60.3695920971052,14.2022999083716,32248.1300717176
"380","PLPO","PLPO1","PLPO1-2",79.5808707204814,59.3884011777373,33.6748326543618,40245.8929162776,61.175637862675,73.0095206500475,17.2374771896595,28080.2122962604
"381","PLPO","PLPO2","PLPO2-1",69.4717185289857,53.6923953579365,12.2082548598997,16651.5799920688,66.6522779270859,53.2645688675855,21.1228146441905,29412.1728366362
"382","PLPO","PLPO2","PLPO2-2",45.3143237115174,49.2615306780287,11.7268223192414,9194.94475868326,53.2055746978072,44.3426502469729,10.1728061696583,11202.1783758345
"383","PLPO","PLPO3","PLPO3-1",65.1528721542745,46.89045808047,14.9382767341439,15556.4555195447,61.3780951722727,43.8633181841482,7.96689974753905,11852.7370022375
"384","PLPO","PLPO3","PLPO3-2",64.4253745754253,43.4181612854947,19.3354622744421,16389.8777807959,56.7763542789983,42.0904112954787,12.5430958873728,10893.2895311219
"385","PORA","PORA1","PORA1-1",163.058301015752,62.1200338175436,18.196134839156,59754.1301521171,146.034222933506,54.158146206316,24.4857980894285,71135.4915658404
"386","PORA","PORA1","PORA1-2",123.306740565978,40.0820411353636,12.3116581502603,22980.470751419,113.773909286923,27.9875703408894,19.3850271270251,23871.1080931841
"387","PORA","PORA2","PORA2-1",117.037131309337,44.3810768737861,17.8848345960288,34409.350943274,113.215667793474,41.3348480535876,20.6592797891671,36686.8082741849
"388","PORA","PORA2","PORA2-2",113.410620001204,58.9866656420115,17.9092099428648,42706.7401609745,107.237649074055,55.3954141217078,15.7145078854982,43308.8150989827
"389","PORA","PORA3","PORA3-1",149.760049469326,73.7406943149758,24.5067050160316,81542.1301214138,158.572839710609,57.9390459532627,26.5776352662568,98657.8933016178
"390","PORA","PORA3","PORA3-2",133.307039061817,58.7864068538696,38.9599263620523,87683.5062447222,130.770695663677,55.0416270248459,20.9575185116465,58055.3946070222
"391","POTO","POTO1","POTO1-1",190.959153027626,97.498868170425,29.3048013506832,224759.735253211,153.255701726552,80.3606477496352,49.8403048017128,197818.297909249
"392","POTO","POTO1","POTO1-2",178.647868020689,92.2965271288286,34.0220934186404,196816.307403368,161.388990267994,79.5971916885888,36.6162622374952,153292.413825452
"393","POTO","POTO2","POTO2-1",174.163175127297,81.1922492259157,23.846186167567,118924.067336368,150.160526086252,70.2510904566038,43.4650172899794,148211.323894154
"394","POTO","POTO2","POTO2-2",159.920508785869,68.4080909593328,38.8932595337698,140448.014724955,149.722900529659,55.9137173955183,34.5867051736345,125021.654722444
"395","POTO","POTO3","POTO3-1",173.112984883131,90.5496284330059,49.2453927476661,248293.917844491,137.416688734253,79.6128050461215,56.3431270301062,214982.514805175
"396","POTO","POTO3","POTO3-2",135.05222335888,68.0305040233419,21.6144804863924,74400.0644867499,123.705683077531,61.3572863990047,24.1024524590023,53788.8467581801
"397","PRHE","PRHE1","PRHE1-1",138.257909412352,49.5333618218112,27.3711832718055,85663.3982298659,130.039299036061,33.0894667188471,20.7314648115347,41595.1997036833
"398","PRHE","PRHE1","PRHE1-2",148.251027253115,41.0856016984585,19.5078834467729,54095.4907135414,117.635223016681,40.5612302736084,32.3847472691962,50499.4232614848
"399","PRHE","PRHE2","PRHE2-1",122.364228028707,52.8608563498054,39.3878969681293,60100.3516063271,105.625730924743,38.3397603598584,24.0226114327819,28447.9409722467
"400","PRHE","PRHE2","PRHE2-2",111.021827267584,36.5030969480258,20.9795855622904,27182.6601449947,98.7709288424317,35.1859081221593,10.6087774101137,15095.8575245936
"401","PRHE","PRHE3","PRHE3-1",136.042282418097,54.2367268143672,21.4474084028316,60355.996377812,126.008406962526,44.5894469637377,29.0026850435168,61823.2309305473
"402","PRHE","PRHE3","PRHE3-2",122.358879315169,49.5627608633279,19.63832454632,40113.509615879,106.918900880514,28.2800920019499,23.3175344073047,30323.1535593407
"403","QUGR","QUGR1","QUGR1-1",136.875268579072,65.608451206391,18.7375384013084,65875.7436303072,119.124863060727,49.7708509654452,29.5302207868724,74329.2753444494
"404","QUGR","QUGR1","QUGR1-2",118.567285390517,46.8874833594968,27.177852886202,53438.8638211319,112.510238244031,41.0783296816419,20.267690014331,42424.1706127657
"405","QUGR","QUGR2","QUGR2-1",166.587374500885,82.4950196305175,24.239494071882,124076.389410167,151.544158656458,74.9972741105763,25.266526260944,119320.064502319
"406","QUGR","QUGR2","QUGR2-2",129.229358862831,67.8687918512671,10.6535360273937,43442.1438222504,104.60957094104,59.485373238629,36.9185356095454,84170.2257865676
"407","QUGR","QUGR3","QUGR3-1",156.322024819238,88.5109174674562,34.5695583204089,194876.745563282,143.006183684551,83.5337276211446,35.2050544296902,177139.77439413
"408","QUGR","QUGR3","QUGR3-2",108.879964875154,55.8373061362572,23.3942047761349,52870.7785314402,101.289909931553,48.0089185805755,23.4387913130063,56774.1143423237
"409","QUMU","QUMU1","QUMU1-1",88.3862343035579,29.0949302226913,11.8667632087983,11646.5180982741,66.3959059318699,19.5309349185033,16.5509538046723,8133.53754587513
"410","QUMU","QUMU1","QUMU1-2",97.9658553901513,37.3677231733723,18.0895175527368,25690.8846315831,82.8346515219947,26.3962900502253,18.7269366237394,16067.028638632
"411","QUMU","QUMU2","QUMU2-2",90.2714454604039,35.0565479798171,9.11908970634503,10566.9237638238,57.5804610081994,32.9258130616494,33.6412368971483,21308.9686745191
"412","QUMU","QUMU3","QUMU3-1",97.8339720937287,36.0888182703418,12.4133998727919,16604.6002116948,74.6980892447812,33.7932885291755,29.3978602146607,25664.9135813817
"413","QUMU","QUMU3","QUMU3-2",93.6107289818665,40.2404222719722,12.4170540781519,20037.8737778755,76.2978234812473,27.8568602626334,16.1043509061209,15483.2761141943
"414","RALA","RALA1","RALA1-1",68.7098812453224,18.5577289618657,10.232474217546,4707.72710059034,67.5196784403401,15.2458980869246,8.08396238279099,3255.09310671922
"415","RALA","RALA1","RALA1-2",61.9285718179567,15.562975548596,4.93799672487916,2126.93561196451,60.1935254167571,14.7237389755295,7.56433908170354,2276.1140010138
"416","RALA","RALA2","RALA2-1",86.3554896153423,21.7565539627625,9.21374777986119,6512.28468863598,84.9576947025039,15.9908427146111,8.71385223602328,4708.82571100686
"417","RALA","RALA2","RALA2-2",73.847366658664,17.6849342507681,5.87647355573428,3274.43237740329,71.6524589825176,14.4464083905685,8.58052116447314,3363.21930823954
"418","RALA","RALA3","RALA3-1",89.487026166933,18.4590144658856,4.13188105490652,3018.90352728965,76.428828748749,22.1324588306148,15.9644176027811,8348.81597630701
"419","RALA","RALA3","RALA3-2",69.5719003807987,18.5454310271558,5.33650166966155,3068.79279223659,65.1518068063175,17.4578876695353,14.8454661632543,5519.47219080689
"420","ROMO","ROMO1","ROMO1-1",149.70241771137,66.4528358221047,78.8659809619461,228728.973525093,143.163227174747,89.1349697429586,84.1033690508329,322743.338487117
"421","ROMO","ROMO1","ROMO1-2",124.519538808911,63.4806296077521,55.5425666024874,125017.004091723,101.659854156053,59.9256082788369,46.2289485131655,95438.9464826329
"422","ROMO","ROMO2","ROMO2-1",132.79024480277,65.7013099946753,73.6780345344442,193694.435988172,124.954706475402,94.7959865598987,71.0432817293573,275462.429166304
"423","ROMO","ROMO2","ROMO2-2",137.586633737319,75.097382377827,32.3374644687221,109593.925735216,125.540460973824,75.575057556233,25.7847379461435,93157.8896925833
"424","ROMO","ROMO3","ROMO3-1",103.205227598937,39.8375275418079,54.4588905560459,91293.5942531439,97.7573565308025,49.0362969958371,50.2055420649367,74921.6746517383
"425","ROMO","ROMO3","ROMO3-2",99.8052427235204,36.9730794258046,54.9372610468557,81448.7018079541,87.2952713012781,48.9711253708468,49.6282378646251,85078.6736393711
"426","SCVI","SCVI1","SCVI1-1",104.703312996315,29.2239554344395,11.3783647263401,11631.2125067606,98.0248872426511,24.0203825202774,8.83512721550275,7707.4030959392
"427","SCVI","SCVI1","SCVI1-2",113.787521782845,30.6956262510103,13.3983597994597,14638.6534193818,102.221617715937,28.6241258338307,19.4980151967819,18862.8927771749
"428","SCVI","SCVI2","SCVI2-1",122.035133215093,25.5955477701818,11.0944450084716,15149.1372831944,116.487980921921,13.0114564500398,11.2040125662131,6573.55358877442
"429","SCVI","SCVI2","SCVI2-2",101.548665074145,31.9200409993965,10.5936794648446,10740.8628117206,102.463303184759,30.3860374212537,10.7552021575957,12408.889270094
"430","SCVI","SCVI3","SCVI3-1",129.728346027944,30.4582655418643,18.2058932007879,26924.2891476866,129.11913236091,18.0913556171382,14.7474137793975,12153.148617562
"431","SCVI","SCVI3","SCVI3-2",98.2873415641245,25.6502636024404,16.6537477707017,15615.525551428,100.845727835572,11.8366570134021,8.60175569248157,4715.50517869215
"432","SIGU","SIGU1","SIGU1-2",141.500773810299,71.3336741903698,27.255820930695,103631.117107942,126.423558544123,47.9002549464942,34.8723274243914,76872.9645669627
"433","SIGU","SIGU2","SIGU2-1",126.165889473166,59.9752799556435,17.1096039690116,53584.5540918682,102.091669322398,47.3374372073462,33.8845623291999,48592.9376311263
"434","SIGU","SIGU2","SIGU2-2",133.386875956808,50.069163936557,20.7287532684585,44941.2920842251,118.280870295619,25.1158786558541,19.4536789269974,24355.4499259178
"435","SIGU","SIGU3","SIGU3-1",136.392330096346,65.7970073696234,17.6110358247902,60977.9672535019,107.247626069483,31.6930751848124,19.892532978814,31095.5617305329
"436","SIGU","SIGU3","SIGU3-2",152.46072079336,64.4322384147166,21.6710812236767,78294.4196717329,130.333842194848,37.2911993969926,27.7286693037901,48167.8219180224
"437","STCA","STCA1","STCA1-1",85.2293263138814,41.2998509900392,15.9719214377533,20792.2855959313,82.498088308044,18.1817384179563,12.0980571020786,6088.6782959269
"438","STCA","STCA1","STCA1-2",86.129330512103,37.9528738474977,16.8004809485551,19959.759724875,84.2132899369483,13.7499057072415,10.7268200699731,5405.56988427776
"439","STCA","STCA2","STCA2-1",73.5168758221976,37.9230862931611,26.3907764261251,26547.4656523818,70.3260822622456,17.4960601956072,14.3563610362246,8411.84435145942
"440","STCA","STCA2","STCA2-2",84.1423270453493,42.4326743598347,14.8448092802904,19390.27759258,79.5509749668516,16.9333081810247,15.5463670566285,9989.44506151929
"441","STCA","STCA3","STCA3-1",91.1871660287549,39.2267708618476,10.5244936773736,13760.4432925656,84.7859519513947,16.8435982534323,14.8404108319754,8781.96502559456
"442","STCA","STCA3","STCA3-2",90.7786159196971,46.7483052018375,15.896028567575,23631.1064027224,84.3509490449143,24.5904334015186,19.7335981297673,12734.1380317969
"443","STFE","STFE1","STFE1-1",76.4316803114992,33.2153146380884,7.15827181771985,7285.55937530072,68.5938092229373,24.8042981001082,17.5174813457088,11961.1744960654
"444","STFE","STFE1","STFE1-2",98.3211699572184,37.1397137915208,7.474799777198,12693.4202324326,82.0349083128021,37.0579865294678,24.9170094122654,27859.6966527668
"445","STFE","STFE2","STFE2-1",65.1685545784952,38.0953430404843,14.9151146213693,10763.0103670822,54.8316148459439,28.6474008352999,14.18581847042,8100.91241653899
"446","STFE","STFE2","STFE2-2",64.3074038137784,36.8076209286415,16.2839184953193,11006.864031342,56.2405168746831,26.7451801495946,13.3500363698565,8368.61556759444
"447","STFE","STFE3","STFE3-1",77.9475412014288,38.0508644121201,9.3527536764094,11240.5803950942,66.5285657169266,34.6621171355364,15.702779894564,14039.2933602205
"448","STFE","STFE3","STFE3-2",78.154989468685,40.7250247072152,7.19552912288891,9674.52997299935,67.8135789857834,38.3176644423771,14.7680452627923,15027.6000556766
"449","STPO","STPO1","STPO1-1",74.210131831581,30.2794510986909,10.1255878222533,7583.21983490188,69.9822185538699,22.802432416458,8.90125015056919,6344.56082625767
"450","STPO","STPO1","STPO1-2",70.0932240255179,27.1259534000665,8.35093092029422,5505.34335001014,48.0570603866734,24.0089299404753,18.8233988865982,8967.39311920196
"451","STPO","STPO2","STPO2-1",98.5277186789689,43.7313612860028,18.1842150460051,31364.1595726861,95.6336551949676,43.4999463055029,22.3692165426966,30763.1406160589
"452","STPO","STPO2","STPO2-2",104.542649240995,45.1683177843806,20.7077985042379,33303.606433826,98.5985761319283,48.4147603975843,19.1737312199098,30929.6074452975
"453","STPO","STPO3","STPO3-1",96.1729123985942,46.8813368825135,13.8369315326095,19595.2376411948,87.0725328332963,30.9820654108626,12.969913967894,15348.2297112524
"454","STPO","STPO3","STPO3-2",93.0565007210357,44.1497824097883,15.4903710265851,19392.7963521177,84.6620338771365,31.3995690180465,16.1968110176751,16081.266710024
"455","STRO","STRO3","STRO3-1",15.4182792398286,8.44771167660316,2.35448863022314,192.260516513298,13.101475146789,6.92873862440524,2.31592225897397,122.190940400892
"456","STRO","STRO3","STRO3-2",14.7799441441799,8.93379573448846,2.45632708469237,174.421061781892,13.3784036285226,7.4155192232666,2.07610002669104,89.6700487406358
"457","SYPU","SYPU1","SYPU1-1",106.215906225599,39.2354721609569,14.7092742744073,21524.0937446099,92.0751849862896,33.510142950811,16.2737993871033,14529.3642246739
"458","SYPU","SYPU1","SYPU1-2",94.6819564584181,34.5003902617107,13.9893760990029,15950.4417326917,44.906281550574,31.1639907066122,27.6495880042147,13570.2113632687
"459","SYPU","SYPU2","SYPU2-1",113.425705140294,41.7715658062948,18.4215838864514,30992.1728932967,91.7863154709673,39.7353880318806,25.9967262314119,27317.8277129298
"460","SYPU","SYPU2","SYPU2-2",98.474072673005,39.2783027560384,22.5936018432036,26948.4814482747,100.970919525635,37.1235815319728,11.3942261470119,16248.9765802874
"461","SYPU","SYPU3","SYPU3-1",85.3019867838259,41.6803640405426,12.1395778837166,15596.7461058079,69.5389887010269,29.7638101445837,20.7207613904495,14268.8356471058
"462","SYPU","SYPU3","SYPU3-2",87.2173703583753,43.6873535788122,12.8610469938369,14790.0270337815,78.4302789972041,39.7233986561255,13.6800146673839,15523.8400346292
"463","SYRE","SYRE1","SYRE1-1",105.45849066289,32.1189986990306,16.1767957110148,16766.6683379246,89.3620164250509,25.3645258175276,12.5601995584961,10616.0573566962
"464","SYRE","SYRE1","SYRE1-2",114.202865835928,31.1668150166301,19.7585435255746,19457.3911903803,97.3020460814203,19.1906104718437,13.7995064001596,7699.32477900709
"465","SYRE","SYRE2","SYRE2-1",92.5915822331468,32.9191628931297,7.87689277477602,8198.70013493123,69.3832775668829,28.67394709661,7.81490920595189,6819.41925931175
"466","SYRE","SYRE2","SYRE2-2",72.0022369913789,30.7722790217176,10.2413149365699,6948.09791222557,61.6947871479155,22.809886891067,13.713342017468,6685.41483925467
"467","SYRE","SYRE3","SYRE3-1",100.581251272233,39.9276566652572,9.66526939331872,14810.2486959723,82.2572659500321,24.3295822907418,15.6485808718744,10435.5126790906
"468","SYRE","SYRE3","SYRE3-2",67.2896604522922,30.4879401373341,10.6291393868071,7527.22165994156,61.4157461734054,26.9731068391235,11.3424423193002,5720.60346575558
"469","TAAU","TAAU1","TAAU1-1",175.188929021951,80.8957708487487,29.0515380394205,195299.640239447,117.984749573174,69.0292331240598,50.8705611744613,167480.194762301
"470","TAAU","TAAU1","TAAU1-2",172.165903161779,64.1829615125559,22.6364650800958,97038.0019026053,116.628587576212,53.4936392631506,48.9967112543864,115784.655594606
"471","TAAU","TAAU2","TAAU2-1",196.874965790994,99.1806070593405,35.7005172757982,277058.222401466,128.464171441415,87.9728201825514,55.3888661363339,235203.924158513
"472","TAAU","TAAU2","TAAU2-2",242.826858340649,96.4455226109492,32.6947362094044,322012.205812374,136.910312975702,90.7486321202354,58.0716038518275,250740.060865775
"473","TAAU","TAAU3","TAAU3-1",189.767541731322,74.9302851732647,23.7676990182817,142354.760995152,142.256887154073,60.0087057639362,48.0277708137299,102365.38353075
"474","TAAU","TAAU3","TAAU3-2",140.25926566769,57.4452555076977,18.7712836041137,61083.213005118,92.4726354088755,48.917926131582,45.9418792388479,79646.2642146899
"475","TACA","TACA1","TACA1-1",119.795545260396,24.6803922501282,19.4940190033283,20620.4242991822,106.988224328736,24.2516051190483,17.6218588663754,15249.7348344193
"476","TACA","TACA1","TACA1-2",96.9073970485156,17.3203994355144,15.8557389213135,8842.61225018019,77.4896020566503,21.513591008582,12.6031054904093,7761.28006756952
"477","TACA","TACA2","TACA2-1",105.936274348606,25.18207456993,30.1469487333191,28492.0997199599,113.047102943165,26.6580893544529,25.0582511402441,27965.5677349483
"478","TACA","TACA2","TACA2-2",90.9793529648372,19.148116635326,17.4164445249554,9608.80968211688,85.104240824143,22.4666129863271,12.8619724648959,10536.602799193
"479","TACA","TACA3","TACA3-1",112.820297851814,18.3827284671382,11.3079145692084,6897.65506891505,96.7792191235808,11.8994012179443,11.3341919307136,3881.25646169772
"480","TACA","TACA3","TACA3-2",114.657403322139,21.9568716405935,11.6990285219182,11476.764083766,104.175714601869,17.718906782649,13.1549183133048,10243.6073861398
"481","TAGU","TAGU1","TAGU1-2",120.547000658037,50.2008533366358,28.8682709396008,56759.2594840414,111.658523638439,49.4556717456564,17.7316979854637,39491.5693046537
"482","TAGU","TAGU2","TAGU2-1",125.195495113611,36.8729446187032,30.1010035879415,61007.7945094326,121.414274815542,37.1282131480734,15.2582795851486,31671.4364665705
"483","TAGU","TAGU2","TAGU2-2",121.373989747765,37.8130889876383,44.1383450139988,78191.2094540611,124.932192233025,32.6092414946543,20.2364447506981,37135.9005002991
"484","TAGU","TAGU3","TAGU3-1",79.177053411295,29.8849616552496,6.37186553566179,6462.01446838735,92.131864499463,21.7067401790392,14.0194432462585,9859.2228056078
"485","TAGU","TAGU3","TAGU3-2",80.0507393731946,31.4593544165585,12.2566734858221,12798.3507385462,92.0892970188246,22.8575573328104,15.2421579883865,12388.5489160263
"486","TAOC","TAOC1","TAOC1-1",139.482474471356,63.4552638450596,41.954395680375,130504.371643973,126.764363018342,25.5356623386546,19.8670069502237,29744.628666615
"487","TAOC","TAOC1","TAOC1-2",132.937451154947,53.6611792199159,28.7970572622488,85763.9464489418,126.947107285128,36.5260368597845,27.8008047535478,53675.25007247
"488","TAOC","TAOC2","TAOC2-1",130.880700347252,61.1375360184182,28.0461790489199,70002.8104464251,126.947449882168,24.0015379031251,21.6207091061145,33974.2422713727
"489","TAOC","TAOC2","TAOC2-2",95.2452789793284,37.849492312007,25.1621418612534,28111.3257988639,89.2176281303575,22.5351309576731,17.7310577245013,11427.8096591997
"490","TAOC","TAOC3","TAOC3-1",114.872748628864,49.9800264665349,26.1148648466359,43211.5921935664,113.269430454787,40.8394215610145,23.0636835922954,40412.2046643653
"491","TAOC","TAOC3","TAOC3-2",140.244667323203,50.9546735329264,32.835059350908,81675.0392824734,134.283502109547,40.8876801855683,24.4550522855194,52211.6143105016
"492","TEGL","TEGL1","TEGL1-1",107.557682838633,47.3139125935863,28.583386543626,56618.5037002033,81.9538564163843,42.8397508258152,20.261319766528,32193.1371127736
"493","TEGL","TEGL1","TEGL1-2",120.592576061278,53.4364991203283,17.7308056670635,40725.2728460936,97.8963486607077,50.7012698683668,32.0530562778176,57745.0433410109
"494","TEGL","TEGL2","TEGL2-1",100.696987036118,44.4232811913363,23.3698829170333,30132.1590801197,89.4308665015598,32.2245194483841,20.3791816948613,21110.0275630346
"495","TEGL","TEGL2","TEGL2-2",104.35169864126,41.5077495184996,18.9468588421303,25908.829201363,85.1976044291734,36.0233838701973,26.1229613396982,26602.213605263
"496","TEGL","TEGL3","TEGL3-1",99.3692740483179,43.1118779858974,12.0051556079319,18082.4135527252,91.6294328946508,41.7192600187129,15.546879105998,23390.7044600582
"497","TEGL","TEGL3","TEGL3-2",106.870704200535,47.8241147657385,7.99459698622993,16459.1103154526,73.6328141413154,43.1854410168284,42.2435365696961,41003.611194273
"498","TOFO","TOFO1","TOFO1-1",178.489028422885,102.55408671757,44.5029985419967,354826.382740432,147.187264020819,87.9339276688758,27.6119499351416,171765.673246807
"499","TOFO","TOFO1","TOFO1-2",144.352340887689,60.9247817991791,18.7500481609259,72259.6777320978,135.279319098587,56.4452449884701,14.4332071040741,49267.8968822158
"500","TOFO","TOFO2","TOFO2-1",136.549506948399,73.9729173048404,28.3133897020801,106892.961600257,106.55527708312,52.5336096302019,32.0594609348498,63764.4629355107
"501","TOFO","TOFO2","TOFO2-2",143.44829645225,87.9528958065858,23.8405944495578,105332.035547985,119.108414234025,67.1668255333162,29.1278444660302,78585.3640532837
"502","TOFO","TOFO3","TOFO3-1",157.861977760282,102.841604417159,43.9635617587336,275805.181665748,142.630259175637,66.0126225321996,42.7772671150182,133131.066587658
"503","TOFO","TOFO3","TOFO3-2",117.90214386108,76.6079916674849,40.8521367473041,152518.991911482,111.118200874597,66.641377167325,21.4549899112678,58763.643810906
"504","VOTU","VOTU1","VOTU1-1",100.065270823051,36.0000928712051,18.7529905962695,26042.2058737475,70.0794005672141,34.6360451746831,38.931223762083,28165.8940289551
"505","VOTU","VOTU1","VOTU1-2",104.523429549429,34.4081761306511,10.3357140761363,14900.1894693074,88.4208239511754,41.884331582826,26.4906757133064,29075.8088545787
"506","VOTU","VOTU2","VOTU2-1",123.04230479587,40.7816657438686,19.5348749090798,37233.2890000894,88.5708442622156,36.1278661417187,52.509942278718,48625.100805688
"507","VOTU","VOTU2","VOTU2-2",118.025778271497,43.3273381746327,13.0767936661526,28761.2164023536,53.4786028762736,38.854131176191,45.7871724246802,37405.1194340452
"508","VOTU","VOTU3","VOTU3-1",106.793675792549,43.506876719466,10.0096113321275,19792.2096627535,98.0379967625689,32.647063690062,26.0280810449601,28828.9424672263
"509","VOTU","VOTU3","VOTU3-2",89.1908437276186,35.9259818629334,10.5980069940651,13849.8255714053,75.3160223545932,24.3354817079699,18.3079649397959,13707.4821406162
"510","XYAR","XYAR1","XYAR1-1",93.5143777770801,29.2947614945408,8.876241693231,9567.71315491997,92.5408275389595,24.1533090711014,13.6941903638888,11041.9063187265
"511","XYAR","XYAR1","XYAR1-2",100.985372685203,33.1082356069735,7.83269584308904,10838.9863418942,95.7295605905516,29.0584757109796,17.1243669239492,18837.0223978727
"512","XYAR","XYAR2","XYAR2-1",126.070629692642,34.5924705334026,14.1690698343057,25649.7654753905,118.935838651238,31.9052272405945,12.3029303592236,19457.8585124187
"513","XYAR","XYAR2","XYAR2-2",108.496355628993,33.3409215943828,11.7520698664822,15976.4928675717,103.103266433711,30.5969704548792,12.9630934404993,16387.6624413202
"514","XYAR","XYAR3","XYAR3-1",126.057680863546,39.4998246562609,11.8474984398348,23113.3929451921,116.39667715984,35.6462319195232,28.1709842846145,35103.8241658514
"515","XYAR","XYAR3","XYAR3-2",126.066397747742,39.6449407201184,14.2320299681081,25568.7322276724,101.780272388375,36.3714033864666,28.4860137763377,32817.2972116355
"516","ZEMO","ZEMO1","ZEMO1-1",78.9248535815811,25.2425739402797,22.425793213691,15496.1090345969,69.6120578456103,27.7227881205191,17.5212382883792,13246.8431682906
"517","ZEMO","ZEMO1","ZEMO1-2",133.373101871486,40.0095934079172,37.63713372808,74669.0500488297,128.286340053767,46.5487890968546,28.6071212659222,56277.917099351
"518","ZEMO","ZEMO2","ZEMO2-1",144.204206507959,54.0116663360885,30.8270533668305,84251.0771154489,136.295348912265,50.3104477915963,37.5928541426546,84073.5666787344
"519","ZEMO","ZEMO2","ZEMO2-2",96.7382728205683,34.4412717152836,20.0113205234938,25770.6185874275,81.7729331654543,36.6510255236724,17.7554967490799,23475.9357774612
"520","ZEMO","ZEMO3","ZEMO3-1",110.743436007573,38.5479860913767,25.9519412343374,36495.2511797235,102.202928426304,32.3085848444424,16.8601812047463,24817.4354808534
"521","ZEMO","ZEMO3","ZEMO3-2",121.651152619215,29.825285576709,23.0092248246978,27908.9227279133,115.855503578374,33.2461762884945,14.5440195755388,23335.431071986
"522","ZETU","ZETU1","ZETU1-1",181.650136458403,92.1324397834255,19.7328674612987,117631.961585299,151.091228798723,76.994440031801,30.6124976318474,141425.729704101
"523","ZETU","ZETU1","ZETU1-2",123.235203479506,59.9876977871104,10.5208354602309,32519.0926825038,96.7322211594433,51.5162987212824,29.0152175710096,50117.4821666511
"524","ZETU","ZETU2","ZETU2-1",130.143845321475,92.2652593826543,12.2973878625148,48727.8503928885,112.13805699059,82.0672548455825,34.9740471256257,117840.859658127
"525","ZETU","ZETU2","ZETU2-2",153.207080493182,103.247519697904,20.3031324812686,118015.332104405,147.69539592693,87.7664851471917,23.7570266753839,132992.206680085
"526","ZETU","ZETU3","ZETU3-1",140.126539222241,98.7499923710903,17.8363054036567,88598.8798433989,122.881855926066,84.5731725504353,25.296050024553,119226.260018686
"527","ZETU","ZETU3","ZETU3-2",166.577457497439,99.9334714575874,17.5018387027947,92085.6623652441,148.108677572267,89.3329959749152,27.9292224566592,142177.975645694
"528","AMIN","AMIN2","AMIN2-1",128.332488992646,54.7030194188452,21.3569975314103,47330.3946118828,NA,NA,NA,NA
"529","ANCR","ANCR3","ANCR3-2",100.269663402118,64.6225059125519,26.5385136334711,70283.5146517311,NA,NA,NA,NA
"530","ANFA","ANFA1","ANFA1-2",6.6985492688669,2.08387965603972,1.30033873617332,9.16534249477489,NA,NA,NA,NA
"531","BYIN","BYIN2","BYIN2-2",72.5773368687823,27.2451390320649,8.74808658455373,5959.62156324179,NA,NA,NA,NA
"532","KICO","KICO2","KICO2-1",187.937785359066,64.9085863186171,32.7546297435734,149798.595650977,NA,NA,NA,NA
"533","MIAL","MIAL3","MIAL3-1",106.423649779218,52.1502333287874,17.7920509493713,44831.258654161,NA,NA,NA,NA
"534","MILI","MILI2","MILI2-2",58.908444333961,29.2425652431741,5.96289459573446,4366.40101135579,NA,NA,NA,NA
"535","MYFA","MYFA1","MYFA1-2",32.891092455952,12.6645784844398,3.97920623983776,615.262897090781,NA,NA,NA,NA
"536","MYLI","MYLI1","MYLI1-2",76.9840686518339,26.9039620047364,8.81227279166389,7694.37269669696,NA,NA,NA,NA
"537","NECU","NECU3","NECU3-1",154.064757986895,36.7041634669631,23.1886748795594,46688.2411376493,NA,NA,NA,NA
"538","QUMU","QUMU2","QUMU2-1",90.4334342033222,35.0647596398447,8.60447405536229,11661.2587263174,NA,NA,NA,NA
"539","SIGU","SIGU1","SIGU1-1",148.406878877153,62.0092327063452,25.9269328129993,92682.7812568982,NA,NA,NA,NA
"540","STRO","STRO2","STRO2-1",17.7905826240772,9.36775030883499,2.00217759392771,202.885013568908,NA,NA,NA,NA
"541","STRO","STRO2","STRO2-2",17.3269711682727,9.41251901048686,2.05521007814764,196.427525742019,NA,NA,NA,NA
"542","TAGU","TAGU1","TAGU1-1",124.539379417528,33.8393105332951,38.915198061552,54354.1194784886,NA,NA,NA,NA
